"Budget","Metric","Design","Method_Gear-FMP","N","n","Effect","EPM","Power"
3500000,"DURATION","CURRENT.CWB","EM_HAL",722,49,0.25,6.3,0.12
3500000,"RETAINED_CATCH","CURRENT.CWB","EM_HAL",722,49,-0.26,-3.6,0.06
3500000,"SPECIES","CURRENT.CWB","EM_HAL",722,49,-0.16,-5.2,0.1
3500000,"DURATION","CURRENT.CWB","EM_POT",353,27,-0.01,-0.3,0.05
3500000,"RETAINED_CATCH","CURRENT.CWB","EM_POT",353,27,-3.09,-13.7,0.1
3500000,"SPECIES","CURRENT.CWB","EM_POT",353,27,-0.23,-10,0.15
3500000,"DURATION","CURRENT.CWB","EM_TRW",768,20,-0.12,-7,0.05
3500000,"RETAINED_CATCH","CURRENT.CWB","EM_TRW",768,20,-4.39,-3.9,0.05
3500000,"SPECIES","CURRENT.CWB","EM_TRW",768,20,-0.16,-3.2,0.06
3500000,"DURATION","CURRENT.CWB","OB_HAL",1352,86,0.78,20.7,0.66
3500000,"RETAINED_CATCH","CURRENT.CWB","OB_HAL",1352,86,1.03,15.9,0.27
3500000,"SPECIES","CURRENT.CWB","OB_HAL",1352,86,-0.23,-8.1,0.23
3500000,"DURATION","CURRENT.CWB","OB_POT",1086,60,0.71,16.1,0.27
3500000,"RETAINED_CATCH","CURRENT.CWB","OB_POT",1086,60,4.61,20.3,0.2
3500000,"SPECIES","CURRENT.CWB","OB_POT",1086,60,-0.16,-7.5,0.14
3500000,"DURATION","CURRENT.CWB","OB_TRW",389,31,0.24,12.4,0.16
3500000,"RETAINED_CATCH","CURRENT.CWB","OB_TRW",389,31,0.92,0.9,0.05
3500000,"SPECIES","CURRENT.CWB","OB_TRW",389,31,-0.51,-10.7,0.16
3500000,"DURATION","CURRENT.EQUAL","EM_HAL",722,42,0.25,6.3,0.11
3500000,"RETAINED_CATCH","CURRENT.EQUAL","EM_HAL",722,42,-0.26,-3.6,0.06
3500000,"SPECIES","CURRENT.EQUAL","EM_HAL",722,42,-0.16,-5.2,0.09
3500000,"DURATION","CURRENT.EQUAL","EM_POT",353,21,-0.01,-0.3,0.05
3500000,"RETAINED_CATCH","CURRENT.EQUAL","EM_POT",353,21,-3.09,-13.7,0.09
3500000,"SPECIES","CURRENT.EQUAL","EM_POT",353,21,-0.23,-10,0.13
3500000,"DURATION","CURRENT.EQUAL","EM_TRW",768,45,-0.12,-7,0.06
3500000,"RETAINED_CATCH","CURRENT.EQUAL","EM_TRW",768,45,-4.39,-3.9,0.06
3500000,"SPECIES","CURRENT.EQUAL","EM_TRW",768,45,-0.16,-3.2,0.06
3500000,"DURATION","CURRENT.EQUAL","OB_HAL",1352,79,0.78,20.7,0.63
3500000,"RETAINED_CATCH","CURRENT.EQUAL","OB_HAL",1352,79,1.03,15.9,0.25
3500000,"SPECIES","CURRENT.EQUAL","OB_HAL",1352,79,-0.23,-8.1,0.22
3500000,"DURATION","CURRENT.EQUAL","OB_POT",1086,64,0.71,16.1,0.29
3500000,"RETAINED_CATCH","CURRENT.EQUAL","OB_POT",1086,64,4.61,20.3,0.2
3500000,"SPECIES","CURRENT.EQUAL","OB_POT",1086,64,-0.16,-7.5,0.15
3500000,"DURATION","CURRENT.EQUAL","OB_TRW",389,23,0.24,12.4,0.14
3500000,"RETAINED_CATCH","CURRENT.EQUAL","OB_TRW",389,23,0.92,0.9,0.05
3500000,"SPECIES","CURRENT.EQUAL","OB_TRW",389,23,-0.51,-10.7,0.14
3500000,"DURATION","CURRENT.PROX","EM_HAL",722,63,0.25,6.3,0.14
3500000,"RETAINED_CATCH","CURRENT.PROX","EM_HAL",722,63,-0.26,-3.6,0.06
3500000,"SPECIES","CURRENT.PROX","EM_HAL",722,63,-0.16,-5.2,0.11
3500000,"DURATION","CURRENT.PROX","EM_POT",353,54,-0.01,-0.3,0.05
3500000,"RETAINED_CATCH","CURRENT.PROX","EM_POT",353,54,-3.09,-13.7,0.14
3500000,"SPECIES","CURRENT.PROX","EM_POT",353,54,-0.23,-10,0.23
3500000,"DURATION","CURRENT.PROX","EM_TRW",768,20,-0.12,-7,0.05
3500000,"RETAINED_CATCH","CURRENT.PROX","EM_TRW",768,20,-4.39,-3.9,0.05
3500000,"SPECIES","CURRENT.PROX","EM_TRW",768,20,-0.16,-3.2,0.06
3500000,"DURATION","CURRENT.PROX","OB_HAL",1352,75,0.78,20.7,0.6
3500000,"RETAINED_CATCH","CURRENT.PROX","OB_HAL",1352,75,1.03,15.9,0.24
3500000,"SPECIES","CURRENT.PROX","OB_HAL",1352,75,-0.23,-8.1,0.21
3500000,"DURATION","CURRENT.PROX","OB_POT",1086,70,0.71,16.1,0.31
3500000,"RETAINED_CATCH","CURRENT.PROX","OB_POT",1086,70,4.61,20.3,0.21
3500000,"SPECIES","CURRENT.PROX","OB_POT",1086,70,-0.16,-7.5,0.16
3500000,"DURATION","CURRENT.PROX","OB_TRW",389,25,0.24,12.4,0.14
3500000,"RETAINED_CATCH","CURRENT.PROX","OB_TRW",389,25,0.92,0.9,0.05
3500000,"SPECIES","CURRENT.PROX","OB_TRW",389,25,-0.51,-10.7,0.14
3500000,"DURATION","CURRENT.STATUS_QUO","EM_HAL",722,217,0.25,6.3,0.28
3500000,"RETAINED_CATCH","CURRENT.STATUS_QUO","EM_HAL",722,217,-0.26,-3.6,0.09
3500000,"SPECIES","CURRENT.STATUS_QUO","EM_HAL",722,217,-0.16,-5.2,0.21
3500000,"DURATION","CURRENT.STATUS_QUO","EM_POT",353,106,-0.01,-0.3,0.05
3500000,"RETAINED_CATCH","CURRENT.STATUS_QUO","EM_POT",353,106,-3.09,-13.7,0.19
3500000,"SPECIES","CURRENT.STATUS_QUO","EM_POT",353,106,-0.23,-10,0.35
3500000,"DURATION","CURRENT.STATUS_QUO","EM_TRW",768,256,-0.12,-7,0.1
3500000,"RETAINED_CATCH","CURRENT.STATUS_QUO","EM_TRW",768,256,-4.39,-3.9,0.09
3500000,"SPECIES","CURRENT.STATUS_QUO","EM_TRW",768,256,-0.16,-3.2,0.11
3500000,"DURATION","CURRENT.STATUS_QUO","OB_HAL",1352,38,0.78,20.7,0.36
3500000,"RETAINED_CATCH","CURRENT.STATUS_QUO","OB_HAL",1352,38,1.03,15.9,0.15
3500000,"SPECIES","CURRENT.STATUS_QUO","OB_HAL",1352,38,-0.23,-8.1,0.13
3500000,"DURATION","CURRENT.STATUS_QUO","OB_POT",1086,31,0.71,16.1,0.17
3500000,"RETAINED_CATCH","CURRENT.STATUS_QUO","OB_POT",1086,31,4.61,20.3,0.13
3500000,"SPECIES","CURRENT.STATUS_QUO","OB_POT",1086,31,-0.16,-7.5,0.1
3500000,"DURATION","CURRENT.STATUS_QUO","OB_TRW",389,11,0.24,12.4,0.09
3500000,"RETAINED_CATCH","CURRENT.STATUS_QUO","OB_TRW",389,11,0.92,0.9,0.05
3500000,"SPECIES","CURRENT.STATUS_QUO","OB_TRW",389,11,-0.51,-10.7,0.09
3500000,"DURATION","FIXED_FMP.CWB","EM_FIXED-BSAI",89,8,1.1,24.8,0.22
3500000,"RETAINED_CATCH","FIXED_FMP.CWB","EM_FIXED-BSAI",89,8,-2.77,-9,0.06
3500000,"SPECIES","FIXED_FMP.CWB","EM_FIXED-BSAI",89,8,0.1,5.5,0.06
3500000,"DURATION","FIXED_FMP.CWB","EM_FIXED-GOA",986,63,0.08,2,0.06
3500000,"RETAINED_CATCH","FIXED_FMP.CWB","EM_FIXED-GOA",986,63,-0.85,-8.8,0.13
3500000,"SPECIES","FIXED_FMP.CWB","EM_FIXED-GOA",986,63,-0.21,-7.1,0.16
3500000,"DURATION","FIXED_FMP.CWB","EM_TRW-GOA",768,28,-0.12,-7,0.06
3500000,"RETAINED_CATCH","FIXED_FMP.CWB","EM_TRW-GOA",768,28,-4.39,-3.9,0.06
3500000,"SPECIES","FIXED_FMP.CWB","EM_TRW-GOA",768,28,-0.16,-3.2,0.06
3500000,"DURATION","FIXED_FMP.CWB","OB_FIXED-BSAI",361,30,2.21,50.3,0.98
3500000,"RETAINED_CATCH","FIXED_FMP.CWB","OB_FIXED-BSAI",361,30,10.46,28.2,0.23
3500000,"SPECIES","FIXED_FMP.CWB","OB_FIXED-BSAI",361,30,-0.1,-5.3,0.08
3500000,"DURATION","FIXED_FMP.CWB","OB_FIXED-GOA",2077,107,0.43,10.9,0.28
3500000,"RETAINED_CATCH","FIXED_FMP.CWB","OB_FIXED-GOA",2077,107,0.14,1.7,0.05
3500000,"SPECIES","FIXED_FMP.CWB","OB_FIXED-GOA",2077,107,-0.17,-6.3,0.18
3500000,"DURATION","FIXED_FMP.CWB","OB_TRW-BSAI",21,3,0.12,4.3,0.05
3500000,"RETAINED_CATCH","FIXED_FMP.CWB","OB_TRW-BSAI",21,3,-26.83,-39.7,0.09
3500000,"SPECIES","FIXED_FMP.CWB","OB_TRW-BSAI",21,3,-0.38,-11.7,0.06
3500000,"DURATION","FIXED_FMP.CWB","OB_TRW-GOA",368,32,0.23,12.3,0.16
3500000,"RETAINED_CATCH","FIXED_FMP.CWB","OB_TRW-GOA",368,32,3.38,3.4,0.06
3500000,"SPECIES","FIXED_FMP.CWB","OB_TRW-GOA",368,32,-0.49,-10.1,0.16
3500000,"DURATION","FIXED_FMP.EQUAL","EM_FIXED-BSAI",89,5,1.1,24.8,0.16
3500000,"RETAINED_CATCH","FIXED_FMP.EQUAL","EM_FIXED-BSAI",89,5,-2.77,-9,0.06
3500000,"SPECIES","FIXED_FMP.EQUAL","EM_FIXED-BSAI",89,5,0.1,5.5,0.05
3500000,"DURATION","FIXED_FMP.EQUAL","EM_FIXED-GOA",986,58,0.08,2,0.06
3500000,"RETAINED_CATCH","FIXED_FMP.EQUAL","EM_FIXED-GOA",986,58,-0.85,-8.8,0.13
3500000,"SPECIES","FIXED_FMP.EQUAL","EM_FIXED-GOA",986,58,-0.21,-7.1,0.15
3500000,"DURATION","FIXED_FMP.EQUAL","EM_TRW-GOA",768,45,-0.12,-7,0.06
3500000,"RETAINED_CATCH","FIXED_FMP.EQUAL","EM_TRW-GOA",768,45,-4.39,-3.9,0.06
3500000,"SPECIES","FIXED_FMP.EQUAL","EM_TRW-GOA",768,45,-0.16,-3.2,0.06
3500000,"DURATION","FIXED_FMP.EQUAL","OB_FIXED-BSAI",361,21,2.21,50.3,0.94
3500000,"RETAINED_CATCH","FIXED_FMP.EQUAL","OB_FIXED-BSAI",361,21,10.46,28.2,0.19
3500000,"SPECIES","FIXED_FMP.EQUAL","OB_FIXED-BSAI",361,21,-0.1,-5.3,0.07
3500000,"DURATION","FIXED_FMP.EQUAL","OB_FIXED-GOA",2077,122,0.43,10.9,0.31
3500000,"RETAINED_CATCH","FIXED_FMP.EQUAL","OB_FIXED-GOA",2077,122,0.14,1.7,0.05
3500000,"SPECIES","FIXED_FMP.EQUAL","OB_FIXED-GOA",2077,122,-0.17,-6.3,0.19
3500000,"DURATION","FIXED_FMP.EQUAL","OB_TRW-BSAI",21,1,0.12,4.3,0.05
3500000,"RETAINED_CATCH","FIXED_FMP.EQUAL","OB_TRW-BSAI",21,1,-26.83,-39.7,0.06
3500000,"SPECIES","FIXED_FMP.EQUAL","OB_TRW-BSAI",21,1,-0.38,-11.7,0.05
3500000,"DURATION","FIXED_FMP.EQUAL","OB_TRW-GOA",368,22,0.23,12.3,0.13
3500000,"RETAINED_CATCH","FIXED_FMP.EQUAL","OB_TRW-GOA",368,22,3.38,3.4,0.06
3500000,"SPECIES","FIXED_FMP.EQUAL","OB_TRW-GOA",368,22,-0.49,-10.1,0.12
3500000,"DURATION","FIXED_FMP.PROX","EM_FIXED-BSAI",89,26,1.1,24.8,0.39
3500000,"RETAINED_CATCH","FIXED_FMP.PROX","EM_FIXED-BSAI",89,26,-2.77,-9,0.07
3500000,"SPECIES","FIXED_FMP.PROX","EM_FIXED-BSAI",89,26,0.1,5.5,0.07
3500000,"DURATION","FIXED_FMP.PROX","EM_FIXED-GOA",986,75,0.08,2,0.06
3500000,"RETAINED_CATCH","FIXED_FMP.PROX","EM_FIXED-GOA",986,75,-0.85,-8.8,0.15
3500000,"SPECIES","FIXED_FMP.PROX","EM_FIXED-GOA",986,75,-0.21,-7.1,0.18
3500000,"DURATION","FIXED_FMP.PROX","EM_TRW-GOA",768,26,-0.12,-7,0.06
3500000,"RETAINED_CATCH","FIXED_FMP.PROX","EM_TRW-GOA",768,26,-4.39,-3.9,0.06
3500000,"SPECIES","FIXED_FMP.PROX","EM_TRW-GOA",768,26,-0.16,-3.2,0.06
3500000,"DURATION","FIXED_FMP.PROX","OB_FIXED-BSAI",361,46,2.21,50.3,0.99
3500000,"RETAINED_CATCH","FIXED_FMP.PROX","OB_FIXED-BSAI",361,46,10.46,28.2,0.27
3500000,"SPECIES","FIXED_FMP.PROX","OB_FIXED-BSAI",361,46,-0.1,-5.3,0.09
3500000,"DURATION","FIXED_FMP.PROX","OB_FIXED-GOA",2077,82,0.43,10.9,0.23
3500000,"RETAINED_CATCH","FIXED_FMP.PROX","OB_FIXED-GOA",2077,82,0.14,1.7,0.05
3500000,"SPECIES","FIXED_FMP.PROX","OB_FIXED-GOA",2077,82,-0.17,-6.3,0.15
3500000,"DURATION","FIXED_FMP.PROX","OB_TRW-BSAI",21,10,0.12,4.3,0.05
3500000,"RETAINED_CATCH","FIXED_FMP.PROX","OB_TRW-BSAI",21,10,-26.83,-39.7,0.16
3500000,"SPECIES","FIXED_FMP.PROX","OB_TRW-BSAI",21,10,-0.38,-11.7,0.07
3500000,"DURATION","FIXED_FMP.PROX","OB_TRW-GOA",368,29,0.23,12.3,0.15
3500000,"RETAINED_CATCH","FIXED_FMP.PROX","OB_TRW-GOA",368,29,3.38,3.4,0.06
3500000,"SPECIES","FIXED_FMP.PROX","OB_TRW-GOA",368,29,-0.49,-10.1,0.15
3500000,"DURATION","FIXED_FMP.STATUS_QUO","EM_FIXED-BSAI",89,27,1.1,24.8,0.39
3500000,"RETAINED_CATCH","FIXED_FMP.STATUS_QUO","EM_FIXED-BSAI",89,27,-2.77,-9,0.07
3500000,"SPECIES","FIXED_FMP.STATUS_QUO","EM_FIXED-BSAI",89,27,0.1,5.5,0.07
3500000,"DURATION","FIXED_FMP.STATUS_QUO","EM_FIXED-GOA",986,296,0.08,2,0.08
3500000,"RETAINED_CATCH","FIXED_FMP.STATUS_QUO","EM_FIXED-GOA",986,296,-0.85,-8.8,0.37
3500000,"SPECIES","FIXED_FMP.STATUS_QUO","EM_FIXED-GOA",986,296,-0.21,-7.1,0.45
3500000,"DURATION","FIXED_FMP.STATUS_QUO","EM_TRW-GOA",768,256,-0.12,-7,0.1
3500000,"RETAINED_CATCH","FIXED_FMP.STATUS_QUO","EM_TRW-GOA",768,256,-4.39,-3.9,0.09
3500000,"SPECIES","FIXED_FMP.STATUS_QUO","EM_TRW-GOA",768,256,-0.16,-3.2,0.11
3500000,"DURATION","FIXED_FMP.STATUS_QUO","OB_FIXED-BSAI",361,10,2.21,50.3,0.73
3500000,"RETAINED_CATCH","FIXED_FMP.STATUS_QUO","OB_FIXED-BSAI",361,10,10.46,28.2,0.13
3500000,"SPECIES","FIXED_FMP.STATUS_QUO","OB_FIXED-BSAI",361,10,-0.1,-5.3,0.06
3500000,"DURATION","FIXED_FMP.STATUS_QUO","OB_FIXED-GOA",2077,59,0.43,10.9,0.18
3500000,"RETAINED_CATCH","FIXED_FMP.STATUS_QUO","OB_FIXED-GOA",2077,59,0.14,1.7,0.05
3500000,"SPECIES","FIXED_FMP.STATUS_QUO","OB_FIXED-GOA",2077,59,-0.17,-6.3,0.12
3500000,"DURATION","FIXED_FMP.STATUS_QUO","OB_TRW-BSAI",21,1,0.12,4.3,0.05
3500000,"RETAINED_CATCH","FIXED_FMP.STATUS_QUO","OB_TRW-BSAI",21,1,-26.83,-39.7,0.06
3500000,"SPECIES","FIXED_FMP.STATUS_QUO","OB_TRW-BSAI",21,1,-0.38,-11.7,0.05
3500000,"DURATION","FIXED_FMP.STATUS_QUO","OB_TRW-GOA",368,10,0.23,12.3,0.09
3500000,"RETAINED_CATCH","FIXED_FMP.STATUS_QUO","OB_TRW-GOA",368,10,3.38,3.4,0.05
3500000,"SPECIES","FIXED_FMP.STATUS_QUO","OB_TRW-GOA",368,10,-0.49,-10.1,0.08
3500000,"DURATION","FMP.CWB","EM_HAL-BSAI",32,2,2.24,35.8,0.12
3500000,"RETAINED_CATCH","FMP.CWB","EM_HAL-BSAI",32,2,0.95,11.9,0.06
3500000,"SPECIES","FMP.CWB","EM_HAL-BSAI",32,2,-0.14,-6.1,0.05
3500000,"DURATION","FMP.CWB","EM_HAL-GOA",690,45,0.18,4.6,0.09
3500000,"RETAINED_CATCH","FMP.CWB","EM_HAL-GOA",690,45,-0.32,-4.3,0.07
3500000,"SPECIES","FMP.CWB","EM_HAL-GOA",690,45,-0.17,-5.5,0.1
3500000,"DURATION","FMP.CWB","EM_POT-BSAI",57,5,0.11,3.2,0.05
3500000,"RETAINED_CATCH","FMP.CWB","EM_POT-BSAI",57,5,-2.58,-5.9,0.05
3500000,"SPECIES","FMP.CWB","EM_POT-BSAI",57,5,0.22,13.3,0.07
3500000,"DURATION","FMP.CWB","EM_POT-GOA",296,23,-0.12,-2.5,0.05
3500000,"RETAINED_CATCH","FMP.CWB","EM_POT-GOA",296,23,-1.61,-10.1,0.07
3500000,"SPECIES","FMP.CWB","EM_POT-GOA",296,23,-0.4,-15.4,0.3
3500000,"DURATION","FMP.CWB","EM_TRW-GOA",768,21,-0.12,-7,0.05
3500000,"RETAINED_CATCH","FMP.CWB","EM_TRW-GOA",768,21,-4.39,-3.9,0.05
3500000,"SPECIES","FMP.CWB","EM_TRW-GOA",768,21,-0.16,-3.2,0.06
3500000,"DURATION","FMP.CWB","OB_HAL-BSAI",106,8,1.7,22.2,0.16
3500000,"RETAINED_CATCH","FMP.CWB","OB_HAL-BSAI",106,8,0.82,5.9,0.05
3500000,"SPECIES","FMP.CWB","OB_HAL-BSAI",106,8,-0.46,-18.6,0.16
3500000,"DURATION","FMP.CWB","OB_HAL-GOA",1246,71,0.69,19.9,0.61
3500000,"RETAINED_CATCH","FMP.CWB","OB_HAL-GOA",1246,71,1.02,17.3,0.32
3500000,"SPECIES","FMP.CWB","OB_HAL-GOA",1246,71,-0.21,-7.3,0.17
3500000,"DURATION","FMP.CWB","OB_POT-BSAI",255,15,1.79,51.2,0.72
3500000,"RETAINED_CATCH","FMP.CWB","OB_POT-BSAI",255,15,19.68,45.3,0.37
3500000,"SPECIES","FMP.CWB","OB_POT-BSAI",255,15,-0.05,-3.1,0.05
3500000,"DURATION","FMP.CWB","OB_POT-GOA",831,50,0.22,4.6,0.06
3500000,"RETAINED_CATCH","FMP.CWB","OB_POT-GOA",831,50,0.03,0.2,0.05
3500000,"SPECIES","FMP.CWB","OB_POT-GOA",831,50,-0.23,-9.9,0.2
3500000,"DURATION","FMP.CWB","OB_TRW-BSAI",21,3,0.12,4.3,0.05
3500000,"RETAINED_CATCH","FMP.CWB","OB_TRW-BSAI",21,3,-26.83,-39.7,0.09
3500000,"SPECIES","FMP.CWB","OB_TRW-BSAI",21,3,-0.38,-11.7,0.06
3500000,"DURATION","FMP.CWB","OB_TRW-GOA",368,28,0.23,12.3,0.15
3500000,"RETAINED_CATCH","FMP.CWB","OB_TRW-GOA",368,28,3.38,3.4,0.06
3500000,"SPECIES","FMP.CWB","OB_TRW-GOA",368,28,-0.49,-10.1,0.14
3500000,"DURATION","FMP.EQUAL","EM_HAL-BSAI",32,2,2.24,35.8,0.12
3500000,"RETAINED_CATCH","FMP.EQUAL","EM_HAL-BSAI",32,2,0.95,11.9,0.06
3500000,"SPECIES","FMP.EQUAL","EM_HAL-BSAI",32,2,-0.14,-6.1,0.05
3500000,"DURATION","FMP.EQUAL","EM_HAL-GOA",690,40,0.18,4.6,0.09
3500000,"RETAINED_CATCH","FMP.EQUAL","EM_HAL-GOA",690,40,-0.32,-4.3,0.06
3500000,"SPECIES","FMP.EQUAL","EM_HAL-GOA",690,40,-0.17,-5.5,0.09
3500000,"DURATION","FMP.EQUAL","EM_POT-BSAI",57,3,0.11,3.2,0.05
3500000,"RETAINED_CATCH","FMP.EQUAL","EM_POT-BSAI",57,3,-2.58,-5.9,0.05
3500000,"SPECIES","FMP.EQUAL","EM_POT-BSAI",57,3,0.22,13.3,0.06
3500000,"DURATION","FMP.EQUAL","EM_POT-GOA",296,17,-0.12,-2.5,0.05
3500000,"RETAINED_CATCH","FMP.EQUAL","EM_POT-GOA",296,17,-1.61,-10.1,0.07
3500000,"SPECIES","FMP.EQUAL","EM_POT-GOA",296,17,-0.4,-15.4,0.24
3500000,"DURATION","FMP.EQUAL","EM_TRW-GOA",768,45,-0.12,-7,0.06
3500000,"RETAINED_CATCH","FMP.EQUAL","EM_TRW-GOA",768,45,-4.39,-3.9,0.06
3500000,"SPECIES","FMP.EQUAL","EM_TRW-GOA",768,45,-0.16,-3.2,0.06
3500000,"DURATION","FMP.EQUAL","OB_HAL-BSAI",106,6,1.7,22.2,0.14
3500000,"RETAINED_CATCH","FMP.EQUAL","OB_HAL-BSAI",106,6,0.82,5.9,0.05
3500000,"SPECIES","FMP.EQUAL","OB_HAL-BSAI",106,6,-0.46,-18.6,0.13
3500000,"DURATION","FMP.EQUAL","OB_HAL-GOA",1246,73,0.69,19.9,0.62
3500000,"RETAINED_CATCH","FMP.EQUAL","OB_HAL-GOA",1246,73,1.02,17.3,0.33
3500000,"SPECIES","FMP.EQUAL","OB_HAL-GOA",1246,73,-0.21,-7.3,0.17
3500000,"DURATION","FMP.EQUAL","OB_POT-BSAI",255,15,1.79,51.2,0.72
3500000,"RETAINED_CATCH","FMP.EQUAL","OB_POT-BSAI",255,15,19.68,45.3,0.37
3500000,"SPECIES","FMP.EQUAL","OB_POT-BSAI",255,15,-0.05,-3.1,0.05
3500000,"DURATION","FMP.EQUAL","OB_POT-GOA",831,49,0.22,4.6,0.06
3500000,"RETAINED_CATCH","FMP.EQUAL","OB_POT-GOA",831,49,0.03,0.2,0.05
3500000,"SPECIES","FMP.EQUAL","OB_POT-GOA",831,49,-0.23,-9.9,0.19
3500000,"DURATION","FMP.EQUAL","OB_TRW-BSAI",21,1,0.12,4.3,0.05
3500000,"RETAINED_CATCH","FMP.EQUAL","OB_TRW-BSAI",21,1,-26.83,-39.7,0.06
3500000,"SPECIES","FMP.EQUAL","OB_TRW-BSAI",21,1,-0.38,-11.7,0.05
3500000,"DURATION","FMP.EQUAL","OB_TRW-GOA",368,22,0.23,12.3,0.13
3500000,"RETAINED_CATCH","FMP.EQUAL","OB_TRW-GOA",368,22,3.38,3.4,0.06
3500000,"SPECIES","FMP.EQUAL","OB_TRW-GOA",368,22,-0.49,-10.1,0.12
3500000,"DURATION","FMP.PROX","EM_HAL-BSAI",32,12,2.24,35.8,0.29
3500000,"RETAINED_CATCH","FMP.PROX","EM_HAL-BSAI",32,12,0.95,11.9,0.07
3500000,"SPECIES","FMP.PROX","EM_HAL-BSAI",32,12,-0.14,-6.1,0.06
3500000,"DURATION","FMP.PROX","EM_HAL-GOA",690,44,0.18,4.6,0.09
3500000,"RETAINED_CATCH","FMP.PROX","EM_HAL-GOA",690,44,-0.32,-4.3,0.06
3500000,"SPECIES","FMP.PROX","EM_HAL-GOA",690,44,-0.17,-5.5,0.1
3500000,"DURATION","FMP.PROX","EM_POT-BSAI",57,11,0.11,3.2,0.05
3500000,"RETAINED_CATCH","FMP.PROX","EM_POT-BSAI",57,11,-2.58,-5.9,0.06
3500000,"SPECIES","FMP.PROX","EM_POT-BSAI",57,11,0.22,13.3,0.09
3500000,"DURATION","FMP.PROX","EM_POT-GOA",296,37,-0.12,-2.5,0.05
3500000,"RETAINED_CATCH","FMP.PROX","EM_POT-GOA",296,37,-1.61,-10.1,0.09
3500000,"SPECIES","FMP.PROX","EM_POT-GOA",296,37,-0.4,-15.4,0.43
3500000,"DURATION","FMP.PROX","EM_TRW-GOA",768,15,-0.12,-7,0.05
3500000,"RETAINED_CATCH","FMP.PROX","EM_TRW-GOA",768,15,-4.39,-3.9,0.05
3500000,"SPECIES","FMP.PROX","EM_TRW-GOA",768,15,-0.16,-3.2,0.05
3500000,"DURATION","FMP.PROX","OB_HAL-BSAI",106,25,1.7,22.2,0.36
3500000,"RETAINED_CATCH","FMP.PROX","OB_HAL-BSAI",106,25,0.82,5.9,0.06
3500000,"SPECIES","FMP.PROX","OB_HAL-BSAI",106,25,-0.46,-18.6,0.36
3500000,"DURATION","FMP.PROX","OB_HAL-GOA",1246,48,0.69,19.9,0.46
3500000,"RETAINED_CATCH","FMP.PROX","OB_HAL-GOA",1246,48,1.02,17.3,0.24
3500000,"SPECIES","FMP.PROX","OB_HAL-GOA",1246,48,-0.21,-7.3,0.13
3500000,"DURATION","FMP.PROX","OB_POT-BSAI",255,18,1.79,51.2,0.77
3500000,"RETAINED_CATCH","FMP.PROX","OB_POT-BSAI",255,18,19.68,45.3,0.41
3500000,"SPECIES","FMP.PROX","OB_POT-BSAI",255,18,-0.05,-3.1,0.06
3500000,"DURATION","FMP.PROX","OB_POT-GOA",831,44,0.22,4.6,0.06
3500000,"RETAINED_CATCH","FMP.PROX","OB_POT-GOA",831,44,0.03,0.2,0.05
3500000,"SPECIES","FMP.PROX","OB_POT-GOA",831,44,-0.23,-9.9,0.18
3500000,"DURATION","FMP.PROX","OB_TRW-BSAI",21,7,0.12,4.3,0.05
3500000,"RETAINED_CATCH","FMP.PROX","OB_TRW-BSAI",21,7,-26.83,-39.7,0.13
3500000,"SPECIES","FMP.PROX","OB_TRW-BSAI",21,7,-0.38,-11.7,0.07
3500000,"DURATION","FMP.PROX","OB_TRW-GOA",368,16,0.23,12.3,0.11
3500000,"RETAINED_CATCH","FMP.PROX","OB_TRW-GOA",368,16,3.38,3.4,0.05
3500000,"SPECIES","FMP.PROX","OB_TRW-GOA",368,16,-0.49,-10.1,0.1
3500000,"DURATION","FMP.STATUS_QUO","EM_HAL-BSAI",32,10,2.24,35.8,0.28
3500000,"RETAINED_CATCH","FMP.STATUS_QUO","EM_HAL-BSAI",32,10,0.95,11.9,0.07
3500000,"SPECIES","FMP.STATUS_QUO","EM_HAL-BSAI",32,10,-0.14,-6.1,0.06
3500000,"DURATION","FMP.STATUS_QUO","EM_HAL-GOA",690,207,0.18,4.6,0.19
3500000,"RETAINED_CATCH","FMP.STATUS_QUO","EM_HAL-GOA",690,207,-0.32,-4.3,0.11
3500000,"SPECIES","FMP.STATUS_QUO","EM_HAL-GOA",690,207,-0.17,-5.5,0.23
3500000,"DURATION","FMP.STATUS_QUO","EM_POT-BSAI",57,17,0.11,3.2,0.05
3500000,"RETAINED_CATCH","FMP.STATUS_QUO","EM_POT-BSAI",57,17,-2.58,-5.9,0.06
3500000,"SPECIES","FMP.STATUS_QUO","EM_POT-BSAI",57,17,0.22,13.3,0.11
3500000,"DURATION","FMP.STATUS_QUO","EM_POT-GOA",296,89,-0.12,-2.5,0.05
3500000,"RETAINED_CATCH","FMP.STATUS_QUO","EM_POT-GOA",296,89,-1.61,-10.1,0.12
3500000,"SPECIES","FMP.STATUS_QUO","EM_POT-GOA",296,89,-0.4,-15.4,0.69
3500000,"DURATION","FMP.STATUS_QUO","EM_TRW-GOA",768,256,-0.12,-7,0.1
3500000,"RETAINED_CATCH","FMP.STATUS_QUO","EM_TRW-GOA",768,256,-4.39,-3.9,0.09
3500000,"SPECIES","FMP.STATUS_QUO","EM_TRW-GOA",768,256,-0.16,-3.2,0.11
3500000,"DURATION","FMP.STATUS_QUO","OB_HAL-BSAI",106,3,1.7,22.2,0.09
3500000,"RETAINED_CATCH","FMP.STATUS_QUO","OB_HAL-BSAI",106,3,0.82,5.9,0.05
3500000,"SPECIES","FMP.STATUS_QUO","OB_HAL-BSAI",106,3,-0.46,-18.6,0.09
3500000,"DURATION","FMP.STATUS_QUO","OB_HAL-GOA",1246,35,0.69,19.9,0.36
3500000,"RETAINED_CATCH","FMP.STATUS_QUO","OB_HAL-GOA",1246,35,1.02,17.3,0.19
3500000,"SPECIES","FMP.STATUS_QUO","OB_HAL-GOA",1246,35,-0.21,-7.3,0.11
3500000,"DURATION","FMP.STATUS_QUO","OB_POT-BSAI",255,7,1.79,51.2,0.48
3500000,"RETAINED_CATCH","FMP.STATUS_QUO","OB_POT-BSAI",255,7,19.68,45.3,0.23
3500000,"SPECIES","FMP.STATUS_QUO","OB_POT-BSAI",255,7,-0.05,-3.1,0.05
3500000,"DURATION","FMP.STATUS_QUO","OB_POT-GOA",831,24,0.22,4.6,0.06
3500000,"RETAINED_CATCH","FMP.STATUS_QUO","OB_POT-GOA",831,24,0.03,0.2,0.05
3500000,"SPECIES","FMP.STATUS_QUO","OB_POT-GOA",831,24,-0.23,-9.9,0.12
3500000,"DURATION","FMP.STATUS_QUO","OB_TRW-BSAI",21,1,0.12,4.3,0.05
3500000,"RETAINED_CATCH","FMP.STATUS_QUO","OB_TRW-BSAI",21,1,-26.83,-39.7,0.06
3500000,"SPECIES","FMP.STATUS_QUO","OB_TRW-BSAI",21,1,-0.38,-11.7,0.05
3500000,"DURATION","FMP.STATUS_QUO","OB_TRW-GOA",368,10,0.23,12.3,0.09
3500000,"RETAINED_CATCH","FMP.STATUS_QUO","OB_TRW-GOA",368,10,3.38,3.4,0.05
3500000,"SPECIES","FMP.STATUS_QUO","OB_TRW-GOA",368,10,-0.49,-10.1,0.08
4500000,"DURATION","CURRENT.CWB","EM_HAL",722,112,0.25,6.3,0.2
4500000,"RETAINED_CATCH","CURRENT.CWB","EM_HAL",722,112,-0.26,-3.6,0.07
4500000,"SPECIES","CURRENT.CWB","EM_HAL",722,112,-0.16,-5.2,0.15
4500000,"DURATION","CURRENT.CWB","EM_POT",353,61,-0.01,-0.3,0.05
4500000,"RETAINED_CATCH","CURRENT.CWB","EM_POT",353,61,-3.09,-13.7,0.15
4500000,"SPECIES","CURRENT.CWB","EM_POT",353,61,-0.23,-10,0.25
4500000,"DURATION","CURRENT.CWB","EM_TRW",768,42,-0.12,-7,0.06
4500000,"RETAINED_CATCH","CURRENT.CWB","EM_TRW",768,42,-4.39,-3.9,0.06
4500000,"SPECIES","CURRENT.CWB","EM_TRW",768,42,-0.16,-3.2,0.06
4500000,"DURATION","CURRENT.CWB","OB_HAL",1352,132,0.78,20.7,0.82
4500000,"RETAINED_CATCH","CURRENT.CWB","OB_HAL",1352,132,1.03,15.9,0.38
4500000,"SPECIES","CURRENT.CWB","OB_HAL",1352,132,-0.23,-8.1,0.32
4500000,"DURATION","CURRENT.CWB","OB_POT",1086,87,0.71,16.1,0.36
4500000,"RETAINED_CATCH","CURRENT.CWB","OB_POT",1086,87,4.61,20.3,0.24
4500000,"SPECIES","CURRENT.CWB","OB_POT",1086,87,-0.16,-7.5,0.18
4500000,"DURATION","CURRENT.CWB","OB_TRW",389,46,0.24,12.4,0.2
4500000,"RETAINED_CATCH","CURRENT.CWB","OB_TRW",389,46,0.92,0.9,0.05
4500000,"SPECIES","CURRENT.CWB","OB_TRW",389,46,-0.51,-10.7,0.21
4500000,"DURATION","CURRENT.EQUAL","EM_HAL",722,65,0.25,6.3,0.14
4500000,"RETAINED_CATCH","CURRENT.EQUAL","EM_HAL",722,65,-0.26,-3.6,0.06
4500000,"SPECIES","CURRENT.EQUAL","EM_HAL",722,65,-0.16,-5.2,0.11
4500000,"DURATION","CURRENT.EQUAL","EM_POT",353,32,-0.01,-0.3,0.05
4500000,"RETAINED_CATCH","CURRENT.EQUAL","EM_POT",353,32,-3.09,-13.7,0.11
4500000,"SPECIES","CURRENT.EQUAL","EM_POT",353,32,-0.23,-10,0.16
4500000,"DURATION","CURRENT.EQUAL","EM_TRW",768,70,-0.12,-7,0.06
4500000,"RETAINED_CATCH","CURRENT.EQUAL","EM_TRW",768,70,-4.39,-3.9,0.06
4500000,"SPECIES","CURRENT.EQUAL","EM_TRW",768,70,-0.16,-3.2,0.07
4500000,"DURATION","CURRENT.EQUAL","OB_HAL",1352,122,0.78,20.7,0.8
4500000,"RETAINED_CATCH","CURRENT.EQUAL","OB_HAL",1352,122,1.03,15.9,0.35
4500000,"SPECIES","CURRENT.EQUAL","OB_HAL",1352,122,-0.23,-8.1,0.3
4500000,"DURATION","CURRENT.EQUAL","OB_POT",1086,98,0.71,16.1,0.4
4500000,"RETAINED_CATCH","CURRENT.EQUAL","OB_POT",1086,98,4.61,20.3,0.26
4500000,"SPECIES","CURRENT.EQUAL","OB_POT",1086,98,-0.16,-7.5,0.2
4500000,"DURATION","CURRENT.EQUAL","OB_TRW",389,35,0.24,12.4,0.17
4500000,"RETAINED_CATCH","CURRENT.EQUAL","OB_TRW",389,35,0.92,0.9,0.05
4500000,"SPECIES","CURRENT.EQUAL","OB_TRW",389,35,-0.51,-10.7,0.18
4500000,"DURATION","CURRENT.PROX","EM_HAL",722,97,0.25,6.3,0.18
4500000,"RETAINED_CATCH","CURRENT.PROX","EM_HAL",722,97,-0.26,-3.6,0.07
4500000,"SPECIES","CURRENT.PROX","EM_HAL",722,97,-0.16,-5.2,0.14
4500000,"DURATION","CURRENT.PROX","EM_POT",353,82,-0.01,-0.3,0.05
4500000,"RETAINED_CATCH","CURRENT.PROX","EM_POT",353,82,-3.09,-13.7,0.17
4500000,"SPECIES","CURRENT.PROX","EM_POT",353,82,-0.23,-10,0.3
4500000,"DURATION","CURRENT.PROX","EM_TRW",768,36,-0.12,-7,0.06
4500000,"RETAINED_CATCH","CURRENT.PROX","EM_TRW",768,36,-4.39,-3.9,0.06
4500000,"SPECIES","CURRENT.PROX","EM_TRW",768,36,-0.16,-3.2,0.06
4500000,"DURATION","CURRENT.PROX","OB_HAL",1352,116,0.78,20.7,0.78
4500000,"RETAINED_CATCH","CURRENT.PROX","OB_HAL",1352,116,1.03,15.9,0.34
4500000,"SPECIES","CURRENT.PROX","OB_HAL",1352,116,-0.23,-8.1,0.29
4500000,"DURATION","CURRENT.PROX","OB_POT",1086,105,0.71,16.1,0.42
4500000,"RETAINED_CATCH","CURRENT.PROX","OB_POT",1086,105,4.61,20.3,0.27
4500000,"SPECIES","CURRENT.PROX","OB_POT",1086,105,-0.16,-7.5,0.21
4500000,"DURATION","CURRENT.PROX","OB_TRW",389,44,0.24,12.4,0.2
4500000,"RETAINED_CATCH","CURRENT.PROX","OB_TRW",389,44,0.92,0.9,0.05
4500000,"SPECIES","CURRENT.PROX","OB_TRW",389,44,-0.51,-10.7,0.21
4500000,"DURATION","CURRENT.STATUS_QUO","EM_HAL",722,217,0.25,6.3,0.28
4500000,"RETAINED_CATCH","CURRENT.STATUS_QUO","EM_HAL",722,217,-0.26,-3.6,0.09
4500000,"SPECIES","CURRENT.STATUS_QUO","EM_HAL",722,217,-0.16,-5.2,0.21
4500000,"DURATION","CURRENT.STATUS_QUO","EM_POT",353,106,-0.01,-0.3,0.05
4500000,"RETAINED_CATCH","CURRENT.STATUS_QUO","EM_POT",353,106,-3.09,-13.7,0.19
4500000,"SPECIES","CURRENT.STATUS_QUO","EM_POT",353,106,-0.23,-10,0.35
4500000,"DURATION","CURRENT.STATUS_QUO","EM_TRW",768,256,-0.12,-7,0.1
4500000,"RETAINED_CATCH","CURRENT.STATUS_QUO","EM_TRW",768,256,-4.39,-3.9,0.09
4500000,"SPECIES","CURRENT.STATUS_QUO","EM_TRW",768,256,-0.16,-3.2,0.11
4500000,"DURATION","CURRENT.STATUS_QUO","OB_HAL",1352,82,0.78,20.7,0.64
4500000,"RETAINED_CATCH","CURRENT.STATUS_QUO","OB_HAL",1352,82,1.03,15.9,0.26
4500000,"SPECIES","CURRENT.STATUS_QUO","OB_HAL",1352,82,-0.23,-8.1,0.22
4500000,"DURATION","CURRENT.STATUS_QUO","OB_POT",1086,66,0.71,16.1,0.3
4500000,"RETAINED_CATCH","CURRENT.STATUS_QUO","OB_POT",1086,66,4.61,20.3,0.21
4500000,"SPECIES","CURRENT.STATUS_QUO","OB_POT",1086,66,-0.16,-7.5,0.15
4500000,"DURATION","CURRENT.STATUS_QUO","OB_TRW",389,24,0.24,12.4,0.14
4500000,"RETAINED_CATCH","CURRENT.STATUS_QUO","OB_TRW",389,24,0.92,0.9,0.05
4500000,"SPECIES","CURRENT.STATUS_QUO","OB_TRW",389,24,-0.51,-10.7,0.14
4500000,"DURATION","FIXED_FMP.CWB","EM_FIXED-BSAI",89,21,1.1,24.8,0.36
4500000,"RETAINED_CATCH","FIXED_FMP.CWB","EM_FIXED-BSAI",89,21,-2.77,-9,0.07
4500000,"SPECIES","FIXED_FMP.CWB","EM_FIXED-BSAI",89,21,0.1,5.5,0.06
4500000,"DURATION","FIXED_FMP.CWB","EM_FIXED-GOA",986,123,0.08,2,0.06
4500000,"RETAINED_CATCH","FIXED_FMP.CWB","EM_FIXED-GOA",986,123,-0.85,-8.8,0.21
4500000,"SPECIES","FIXED_FMP.CWB","EM_FIXED-GOA",986,123,-0.21,-7.1,0.26
4500000,"DURATION","FIXED_FMP.CWB","EM_TRW-GOA",768,59,-0.12,-7,0.06
4500000,"RETAINED_CATCH","FIXED_FMP.CWB","EM_TRW-GOA",768,59,-4.39,-3.9,0.06
4500000,"SPECIES","FIXED_FMP.CWB","EM_TRW-GOA",768,59,-0.16,-3.2,0.07
4500000,"DURATION","FIXED_FMP.CWB","OB_FIXED-BSAI",361,50,2.21,50.3,1
4500000,"RETAINED_CATCH","FIXED_FMP.CWB","OB_FIXED-BSAI",361,50,10.46,28.2,0.28
4500000,"SPECIES","FIXED_FMP.CWB","OB_FIXED-BSAI",361,50,-0.1,-5.3,0.09
4500000,"DURATION","FIXED_FMP.CWB","OB_FIXED-GOA",2077,155,0.43,10.9,0.38
4500000,"RETAINED_CATCH","FIXED_FMP.CWB","OB_FIXED-GOA",2077,155,0.14,1.7,0.05
4500000,"SPECIES","FIXED_FMP.CWB","OB_FIXED-GOA",2077,155,-0.17,-6.3,0.23
4500000,"DURATION","FIXED_FMP.CWB","OB_TRW-BSAI",21,4,0.12,4.3,0.05
4500000,"RETAINED_CATCH","FIXED_FMP.CWB","OB_TRW-BSAI",21,4,-26.83,-39.7,0.1
4500000,"SPECIES","FIXED_FMP.CWB","OB_TRW-BSAI",21,4,-0.38,-11.7,0.06
4500000,"DURATION","FIXED_FMP.CWB","OB_TRW-GOA",368,49,0.23,12.3,0.2
4500000,"RETAINED_CATCH","FIXED_FMP.CWB","OB_TRW-GOA",368,49,3.38,3.4,0.06
4500000,"SPECIES","FIXED_FMP.CWB","OB_TRW-GOA",368,49,-0.49,-10.1,0.21
4500000,"DURATION","FIXED_FMP.EQUAL","EM_FIXED-BSAI",89,8,1.1,24.8,0.22
4500000,"RETAINED_CATCH","FIXED_FMP.EQUAL","EM_FIXED-BSAI",89,8,-2.77,-9,0.06
4500000,"SPECIES","FIXED_FMP.EQUAL","EM_FIXED-BSAI",89,8,0.1,5.5,0.06
4500000,"DURATION","FIXED_FMP.EQUAL","EM_FIXED-GOA",986,89,0.08,2,0.06
4500000,"RETAINED_CATCH","FIXED_FMP.EQUAL","EM_FIXED-GOA",986,89,-0.85,-8.8,0.17
4500000,"SPECIES","FIXED_FMP.EQUAL","EM_FIXED-GOA",986,89,-0.21,-7.1,0.21
4500000,"DURATION","FIXED_FMP.EQUAL","EM_TRW-GOA",768,70,-0.12,-7,0.06
4500000,"RETAINED_CATCH","FIXED_FMP.EQUAL","EM_TRW-GOA",768,70,-4.39,-3.9,0.06
4500000,"SPECIES","FIXED_FMP.EQUAL","EM_TRW-GOA",768,70,-0.16,-3.2,0.07
4500000,"DURATION","FIXED_FMP.EQUAL","OB_FIXED-BSAI",361,33,2.21,50.3,0.98
4500000,"RETAINED_CATCH","FIXED_FMP.EQUAL","OB_FIXED-BSAI",361,33,10.46,28.2,0.24
4500000,"SPECIES","FIXED_FMP.EQUAL","OB_FIXED-BSAI",361,33,-0.1,-5.3,0.08
4500000,"DURATION","FIXED_FMP.EQUAL","OB_FIXED-GOA",2077,188,0.43,10.9,0.44
4500000,"RETAINED_CATCH","FIXED_FMP.EQUAL","OB_FIXED-GOA",2077,188,0.14,1.7,0.06
4500000,"SPECIES","FIXED_FMP.EQUAL","OB_FIXED-GOA",2077,188,-0.17,-6.3,0.27
4500000,"DURATION","FIXED_FMP.EQUAL","OB_TRW-BSAI",21,2,0.12,4.3,0.05
4500000,"RETAINED_CATCH","FIXED_FMP.EQUAL","OB_TRW-BSAI",21,2,-26.83,-39.7,0.08
4500000,"SPECIES","FIXED_FMP.EQUAL","OB_TRW-BSAI",21,2,-0.38,-11.7,0.06
4500000,"DURATION","FIXED_FMP.EQUAL","OB_TRW-GOA",368,33,0.23,12.3,0.16
4500000,"RETAINED_CATCH","FIXED_FMP.EQUAL","OB_TRW-GOA",368,33,3.38,3.4,0.06
4500000,"SPECIES","FIXED_FMP.EQUAL","OB_TRW-GOA",368,33,-0.49,-10.1,0.16
4500000,"DURATION","FIXED_FMP.PROX","EM_FIXED-BSAI",89,40,1.1,24.8,0.39
4500000,"RETAINED_CATCH","FIXED_FMP.PROX","EM_FIXED-BSAI",89,40,-2.77,-9,0.07
4500000,"SPECIES","FIXED_FMP.PROX","EM_FIXED-BSAI",89,40,0.1,5.5,0.07
4500000,"DURATION","FIXED_FMP.PROX","EM_FIXED-GOA",986,111,0.08,2,0.06
4500000,"RETAINED_CATCH","FIXED_FMP.PROX","EM_FIXED-GOA",986,111,-0.85,-8.8,0.19
4500000,"SPECIES","FIXED_FMP.PROX","EM_FIXED-GOA",986,111,-0.21,-7.1,0.24
4500000,"DURATION","FIXED_FMP.PROX","EM_TRW-GOA",768,46,-0.12,-7,0.06
4500000,"RETAINED_CATCH","FIXED_FMP.PROX","EM_TRW-GOA",768,46,-4.39,-3.9,0.06
4500000,"SPECIES","FIXED_FMP.PROX","EM_TRW-GOA",768,46,-0.16,-3.2,0.06
4500000,"DURATION","FIXED_FMP.PROX","OB_FIXED-BSAI",361,74,2.21,50.3,1
4500000,"RETAINED_CATCH","FIXED_FMP.PROX","OB_FIXED-BSAI",361,74,10.46,28.2,0.31
4500000,"SPECIES","FIXED_FMP.PROX","OB_FIXED-BSAI",361,74,-0.1,-5.3,0.11
4500000,"DURATION","FIXED_FMP.PROX","OB_FIXED-GOA",2077,122,0.43,10.9,0.31
4500000,"RETAINED_CATCH","FIXED_FMP.PROX","OB_FIXED-GOA",2077,122,0.14,1.7,0.05
4500000,"SPECIES","FIXED_FMP.PROX","OB_FIXED-GOA",2077,122,-0.17,-6.3,0.19
4500000,"DURATION","FIXED_FMP.PROX","OB_TRW-BSAI",21,13,0.12,4.3,0.05
4500000,"RETAINED_CATCH","FIXED_FMP.PROX","OB_TRW-BSAI",21,13,-26.83,-39.7,0.17
4500000,"SPECIES","FIXED_FMP.PROX","OB_TRW-BSAI",21,13,-0.38,-11.7,0.07
4500000,"DURATION","FIXED_FMP.PROX","OB_TRW-GOA",368,49,0.23,12.3,0.2
4500000,"RETAINED_CATCH","FIXED_FMP.PROX","OB_TRW-GOA",368,49,3.38,3.4,0.06
4500000,"SPECIES","FIXED_FMP.PROX","OB_TRW-GOA",368,49,-0.49,-10.1,0.21
4500000,"DURATION","FIXED_FMP.STATUS_QUO","EM_FIXED-BSAI",89,27,1.1,24.8,0.39
4500000,"RETAINED_CATCH","FIXED_FMP.STATUS_QUO","EM_FIXED-BSAI",89,27,-2.77,-9,0.07
4500000,"SPECIES","FIXED_FMP.STATUS_QUO","EM_FIXED-BSAI",89,27,0.1,5.5,0.07
4500000,"DURATION","FIXED_FMP.STATUS_QUO","EM_FIXED-GOA",986,296,0.08,2,0.08
4500000,"RETAINED_CATCH","FIXED_FMP.STATUS_QUO","EM_FIXED-GOA",986,296,-0.85,-8.8,0.37
4500000,"SPECIES","FIXED_FMP.STATUS_QUO","EM_FIXED-GOA",986,296,-0.21,-7.1,0.45
4500000,"DURATION","FIXED_FMP.STATUS_QUO","EM_TRW-GOA",768,256,-0.12,-7,0.1
4500000,"RETAINED_CATCH","FIXED_FMP.STATUS_QUO","EM_TRW-GOA",768,256,-4.39,-3.9,0.09
4500000,"SPECIES","FIXED_FMP.STATUS_QUO","EM_TRW-GOA",768,256,-0.16,-3.2,0.11
4500000,"DURATION","FIXED_FMP.STATUS_QUO","OB_FIXED-BSAI",361,22,2.21,50.3,0.94
4500000,"RETAINED_CATCH","FIXED_FMP.STATUS_QUO","OB_FIXED-BSAI",361,22,10.46,28.2,0.19
4500000,"SPECIES","FIXED_FMP.STATUS_QUO","OB_FIXED-BSAI",361,22,-0.1,-5.3,0.07
4500000,"DURATION","FIXED_FMP.STATUS_QUO","OB_FIXED-GOA",2077,126,0.43,10.9,0.32
4500000,"RETAINED_CATCH","FIXED_FMP.STATUS_QUO","OB_FIXED-GOA",2077,126,0.14,1.7,0.05
4500000,"SPECIES","FIXED_FMP.STATUS_QUO","OB_FIXED-GOA",2077,126,-0.17,-6.3,0.2
4500000,"DURATION","FIXED_FMP.STATUS_QUO","OB_TRW-BSAI",21,1,0.12,4.3,0.05
4500000,"RETAINED_CATCH","FIXED_FMP.STATUS_QUO","OB_TRW-BSAI",21,1,-26.83,-39.7,0.06
4500000,"SPECIES","FIXED_FMP.STATUS_QUO","OB_TRW-BSAI",21,1,-0.38,-11.7,0.05
4500000,"DURATION","FIXED_FMP.STATUS_QUO","OB_TRW-GOA",368,22,0.23,12.3,0.13
4500000,"RETAINED_CATCH","FIXED_FMP.STATUS_QUO","OB_TRW-GOA",368,22,3.38,3.4,0.06
4500000,"SPECIES","FIXED_FMP.STATUS_QUO","OB_TRW-GOA",368,22,-0.49,-10.1,0.12
4500000,"DURATION","FMP.CWB","EM_HAL-BSAI",32,6,2.24,35.8,0.23
4500000,"RETAINED_CATCH","FMP.CWB","EM_HAL-BSAI",32,6,0.95,11.9,0.06
4500000,"SPECIES","FMP.CWB","EM_HAL-BSAI",32,6,-0.14,-6.1,0.06
4500000,"DURATION","FMP.CWB","EM_HAL-GOA",690,96,0.18,4.6,0.13
4500000,"RETAINED_CATCH","FMP.CWB","EM_HAL-GOA",690,96,-0.32,-4.3,0.08
4500000,"SPECIES","FMP.CWB","EM_HAL-GOA",690,96,-0.17,-5.5,0.15
4500000,"DURATION","FMP.CWB","EM_POT-BSAI",57,13,0.11,3.2,0.05
4500000,"RETAINED_CATCH","FMP.CWB","EM_POT-BSAI",57,13,-2.58,-5.9,0.06
4500000,"SPECIES","FMP.CWB","EM_POT-BSAI",57,13,0.22,13.3,0.1
4500000,"DURATION","FMP.CWB","EM_POT-GOA",296,53,-0.12,-2.5,0.05
4500000,"RETAINED_CATCH","FMP.CWB","EM_POT-GOA",296,53,-1.61,-10.1,0.1
4500000,"SPECIES","FMP.CWB","EM_POT-GOA",296,53,-0.4,-15.4,0.54
4500000,"DURATION","FMP.CWB","EM_TRW-GOA",768,45,-0.12,-7,0.06
4500000,"RETAINED_CATCH","FMP.CWB","EM_TRW-GOA",768,45,-4.39,-3.9,0.06
4500000,"SPECIES","FMP.CWB","EM_TRW-GOA",768,45,-0.16,-3.2,0.06
4500000,"DURATION","FMP.CWB","OB_HAL-BSAI",106,14,1.7,22.2,0.24
4500000,"RETAINED_CATCH","FMP.CWB","OB_HAL-BSAI",106,14,0.82,5.9,0.06
4500000,"SPECIES","FMP.CWB","OB_HAL-BSAI",106,14,-0.46,-18.6,0.23
4500000,"DURATION","FMP.CWB","OB_HAL-GOA",1246,104,0.69,19.9,0.76
4500000,"RETAINED_CATCH","FMP.CWB","OB_HAL-GOA",1246,104,1.02,17.3,0.43
4500000,"SPECIES","FMP.CWB","OB_HAL-GOA",1246,104,-0.21,-7.3,0.22
4500000,"DURATION","FMP.CWB","OB_POT-BSAI",255,23,1.79,51.2,0.83
4500000,"RETAINED_CATCH","FMP.CWB","OB_POT-BSAI",255,23,19.68,45.3,0.45
4500000,"SPECIES","FMP.CWB","OB_POT-BSAI",255,23,-0.05,-3.1,0.06
4500000,"DURATION","FMP.CWB","OB_POT-GOA",831,75,0.22,4.6,0.07
4500000,"RETAINED_CATCH","FMP.CWB","OB_POT-GOA",831,75,0.03,0.2,0.05
4500000,"SPECIES","FMP.CWB","OB_POT-GOA",831,75,-0.23,-9.9,0.27
4500000,"DURATION","FMP.CWB","OB_TRW-BSAI",21,4,0.12,4.3,0.05
4500000,"RETAINED_CATCH","FMP.CWB","OB_TRW-BSAI",21,4,-26.83,-39.7,0.1
4500000,"SPECIES","FMP.CWB","OB_TRW-BSAI",21,4,-0.38,-11.7,0.06
4500000,"DURATION","FMP.CWB","OB_TRW-GOA",368,42,0.23,12.3,0.19
4500000,"RETAINED_CATCH","FMP.CWB","OB_TRW-GOA",368,42,3.38,3.4,0.06
4500000,"SPECIES","FMP.CWB","OB_TRW-GOA",368,42,-0.49,-10.1,0.19
4500000,"DURATION","FMP.EQUAL","EM_HAL-BSAI",32,3,2.24,35.8,0.16
4500000,"RETAINED_CATCH","FMP.EQUAL","EM_HAL-BSAI",32,3,0.95,11.9,0.06
4500000,"SPECIES","FMP.EQUAL","EM_HAL-BSAI",32,3,-0.14,-6.1,0.05
4500000,"DURATION","FMP.EQUAL","EM_HAL-GOA",690,63,0.18,4.6,0.1
4500000,"RETAINED_CATCH","FMP.EQUAL","EM_HAL-GOA",690,63,-0.32,-4.3,0.07
4500000,"SPECIES","FMP.EQUAL","EM_HAL-GOA",690,63,-0.17,-5.5,0.12
4500000,"DURATION","FMP.EQUAL","EM_POT-BSAI",57,5,0.11,3.2,0.05
4500000,"RETAINED_CATCH","FMP.EQUAL","EM_POT-BSAI",57,5,-2.58,-5.9,0.05
4500000,"SPECIES","FMP.EQUAL","EM_POT-BSAI",57,5,0.22,13.3,0.07
4500000,"DURATION","FMP.EQUAL","EM_POT-GOA",296,27,-0.12,-2.5,0.05
4500000,"RETAINED_CATCH","FMP.EQUAL","EM_POT-GOA",296,27,-1.61,-10.1,0.08
4500000,"SPECIES","FMP.EQUAL","EM_POT-GOA",296,27,-0.4,-15.4,0.34
4500000,"DURATION","FMP.EQUAL","EM_TRW-GOA",768,70,-0.12,-7,0.06
4500000,"RETAINED_CATCH","FMP.EQUAL","EM_TRW-GOA",768,70,-4.39,-3.9,0.06
4500000,"SPECIES","FMP.EQUAL","EM_TRW-GOA",768,70,-0.16,-3.2,0.07
4500000,"DURATION","FMP.EQUAL","OB_HAL-BSAI",106,10,1.7,22.2,0.19
4500000,"RETAINED_CATCH","FMP.EQUAL","OB_HAL-BSAI",106,10,0.82,5.9,0.05
4500000,"SPECIES","FMP.EQUAL","OB_HAL-BSAI",106,10,-0.46,-18.6,0.18
4500000,"DURATION","FMP.EQUAL","OB_HAL-GOA",1246,113,0.69,19.9,0.8
4500000,"RETAINED_CATCH","FMP.EQUAL","OB_HAL-GOA",1246,113,1.02,17.3,0.46
4500000,"SPECIES","FMP.EQUAL","OB_HAL-GOA",1246,113,-0.21,-7.3,0.24
4500000,"DURATION","FMP.EQUAL","OB_POT-BSAI",255,23,1.79,51.2,0.83
4500000,"RETAINED_CATCH","FMP.EQUAL","OB_POT-BSAI",255,23,19.68,45.3,0.45
4500000,"SPECIES","FMP.EQUAL","OB_POT-BSAI",255,23,-0.05,-3.1,0.06
4500000,"DURATION","FMP.EQUAL","OB_POT-GOA",831,75,0.22,4.6,0.07
4500000,"RETAINED_CATCH","FMP.EQUAL","OB_POT-GOA",831,75,0.03,0.2,0.05
4500000,"SPECIES","FMP.EQUAL","OB_POT-GOA",831,75,-0.23,-9.9,0.27
4500000,"DURATION","FMP.EQUAL","OB_TRW-BSAI",21,2,0.12,4.3,0.05
4500000,"RETAINED_CATCH","FMP.EQUAL","OB_TRW-BSAI",21,2,-26.83,-39.7,0.08
4500000,"SPECIES","FMP.EQUAL","OB_TRW-BSAI",21,2,-0.38,-11.7,0.06
4500000,"DURATION","FMP.EQUAL","OB_TRW-GOA",368,33,0.23,12.3,0.16
4500000,"RETAINED_CATCH","FMP.EQUAL","OB_TRW-GOA",368,33,3.38,3.4,0.06
4500000,"SPECIES","FMP.EQUAL","OB_TRW-GOA",368,33,-0.49,-10.1,0.16
4500000,"DURATION","FMP.PROX","EM_HAL-BSAI",32,17,2.24,35.8,0.29
4500000,"RETAINED_CATCH","FMP.PROX","EM_HAL-BSAI",32,17,0.95,11.9,0.07
4500000,"SPECIES","FMP.PROX","EM_HAL-BSAI",32,17,-0.14,-6.1,0.06
4500000,"DURATION","FMP.PROX","EM_HAL-GOA",690,69,0.18,4.6,0.11
4500000,"RETAINED_CATCH","FMP.PROX","EM_HAL-GOA",690,69,-0.32,-4.3,0.07
4500000,"SPECIES","FMP.PROX","EM_HAL-GOA",690,69,-0.17,-5.5,0.12
4500000,"DURATION","FMP.PROX","EM_POT-BSAI",57,18,0.11,3.2,0.05
4500000,"RETAINED_CATCH","FMP.PROX","EM_POT-BSAI",57,18,-2.58,-5.9,0.06
4500000,"SPECIES","FMP.PROX","EM_POT-BSAI",57,18,0.22,13.3,0.11
4500000,"DURATION","FMP.PROX","EM_POT-GOA",296,58,-0.12,-2.5,0.05
4500000,"RETAINED_CATCH","FMP.PROX","EM_POT-GOA",296,58,-1.61,-10.1,0.1
4500000,"SPECIES","FMP.PROX","EM_POT-GOA",296,58,-0.4,-15.4,0.56
4500000,"DURATION","FMP.PROX","EM_TRW-GOA",768,25,-0.12,-7,0.06
4500000,"RETAINED_CATCH","FMP.PROX","EM_TRW-GOA",768,25,-4.39,-3.9,0.06
4500000,"SPECIES","FMP.PROX","EM_TRW-GOA",768,25,-0.16,-3.2,0.06
4500000,"DURATION","FMP.PROX","OB_HAL-BSAI",106,37,1.7,22.2,0.46
4500000,"RETAINED_CATCH","FMP.PROX","OB_HAL-BSAI",106,37,0.82,5.9,0.06
4500000,"SPECIES","FMP.PROX","OB_HAL-BSAI",106,37,-0.46,-18.6,0.46
4500000,"DURATION","FMP.PROX","OB_HAL-GOA",1246,74,0.69,19.9,0.63
4500000,"RETAINED_CATCH","FMP.PROX","OB_HAL-GOA",1246,74,1.02,17.3,0.33
4500000,"SPECIES","FMP.PROX","OB_HAL-GOA",1246,74,-0.21,-7.3,0.17
4500000,"DURATION","FMP.PROX","OB_POT-BSAI",255,29,1.79,51.2,0.87
4500000,"RETAINED_CATCH","FMP.PROX","OB_POT-BSAI",255,29,19.68,45.3,0.5
4500000,"SPECIES","FMP.PROX","OB_POT-BSAI",255,29,-0.05,-3.1,0.06
4500000,"DURATION","FMP.PROX","OB_POT-GOA",831,69,0.22,4.6,0.07
4500000,"RETAINED_CATCH","FMP.PROX","OB_POT-GOA",831,69,0.03,0.2,0.05
4500000,"SPECIES","FMP.PROX","OB_POT-GOA",831,69,-0.23,-9.9,0.25
4500000,"DURATION","FMP.PROX","OB_TRW-BSAI",21,9,0.12,4.3,0.05
4500000,"RETAINED_CATCH","FMP.PROX","OB_TRW-BSAI",21,9,-26.83,-39.7,0.15
4500000,"SPECIES","FMP.PROX","OB_TRW-BSAI",21,9,-0.38,-11.7,0.07
4500000,"DURATION","FMP.PROX","OB_TRW-GOA",368,27,0.23,12.3,0.15
4500000,"RETAINED_CATCH","FMP.PROX","OB_TRW-GOA",368,27,3.38,3.4,0.06
4500000,"SPECIES","FMP.PROX","OB_TRW-GOA",368,27,-0.49,-10.1,0.14
4500000,"DURATION","FMP.STATUS_QUO","EM_HAL-BSAI",32,10,2.24,35.8,0.28
4500000,"RETAINED_CATCH","FMP.STATUS_QUO","EM_HAL-BSAI",32,10,0.95,11.9,0.07
4500000,"SPECIES","FMP.STATUS_QUO","EM_HAL-BSAI",32,10,-0.14,-6.1,0.06
4500000,"DURATION","FMP.STATUS_QUO","EM_HAL-GOA",690,207,0.18,4.6,0.19
4500000,"RETAINED_CATCH","FMP.STATUS_QUO","EM_HAL-GOA",690,207,-0.32,-4.3,0.11
4500000,"SPECIES","FMP.STATUS_QUO","EM_HAL-GOA",690,207,-0.17,-5.5,0.23
4500000,"DURATION","FMP.STATUS_QUO","EM_POT-BSAI",57,17,0.11,3.2,0.05
4500000,"RETAINED_CATCH","FMP.STATUS_QUO","EM_POT-BSAI",57,17,-2.58,-5.9,0.06
4500000,"SPECIES","FMP.STATUS_QUO","EM_POT-BSAI",57,17,0.22,13.3,0.11
4500000,"DURATION","FMP.STATUS_QUO","EM_POT-GOA",296,89,-0.12,-2.5,0.05
4500000,"RETAINED_CATCH","FMP.STATUS_QUO","EM_POT-GOA",296,89,-1.61,-10.1,0.12
4500000,"SPECIES","FMP.STATUS_QUO","EM_POT-GOA",296,89,-0.4,-15.4,0.69
4500000,"DURATION","FMP.STATUS_QUO","EM_TRW-GOA",768,256,-0.12,-7,0.1
4500000,"RETAINED_CATCH","FMP.STATUS_QUO","EM_TRW-GOA",768,256,-4.39,-3.9,0.09
4500000,"SPECIES","FMP.STATUS_QUO","EM_TRW-GOA",768,256,-0.16,-3.2,0.11
4500000,"DURATION","FMP.STATUS_QUO","OB_HAL-BSAI",106,6,1.7,22.2,0.14
4500000,"RETAINED_CATCH","FMP.STATUS_QUO","OB_HAL-BSAI",106,6,0.82,5.9,0.05
4500000,"SPECIES","FMP.STATUS_QUO","OB_HAL-BSAI",106,6,-0.46,-18.6,0.13
4500000,"DURATION","FMP.STATUS_QUO","OB_HAL-GOA",1246,76,0.69,19.9,0.64
4500000,"RETAINED_CATCH","FMP.STATUS_QUO","OB_HAL-GOA",1246,76,1.02,17.3,0.34
4500000,"SPECIES","FMP.STATUS_QUO","OB_HAL-GOA",1246,76,-0.21,-7.3,0.18
4500000,"DURATION","FMP.STATUS_QUO","OB_POT-BSAI",255,15,1.79,51.2,0.72
4500000,"RETAINED_CATCH","FMP.STATUS_QUO","OB_POT-BSAI",255,15,19.68,45.3,0.37
4500000,"SPECIES","FMP.STATUS_QUO","OB_POT-BSAI",255,15,-0.05,-3.1,0.05
4500000,"DURATION","FMP.STATUS_QUO","OB_POT-GOA",831,50,0.22,4.6,0.06
4500000,"RETAINED_CATCH","FMP.STATUS_QUO","OB_POT-GOA",831,50,0.03,0.2,0.05
4500000,"SPECIES","FMP.STATUS_QUO","OB_POT-GOA",831,50,-0.23,-9.9,0.2
4500000,"DURATION","FMP.STATUS_QUO","OB_TRW-BSAI",21,1,0.12,4.3,0.05
4500000,"RETAINED_CATCH","FMP.STATUS_QUO","OB_TRW-BSAI",21,1,-26.83,-39.7,0.06
4500000,"SPECIES","FMP.STATUS_QUO","OB_TRW-BSAI",21,1,-0.38,-11.7,0.05
4500000,"DURATION","FMP.STATUS_QUO","OB_TRW-GOA",368,22,0.23,12.3,0.13
4500000,"RETAINED_CATCH","FMP.STATUS_QUO","OB_TRW-GOA",368,22,3.38,3.4,0.06
4500000,"SPECIES","FMP.STATUS_QUO","OB_TRW-GOA",368,22,-0.49,-10.1,0.12
5250000,"DURATION","CURRENT.CWB","EM_HAL",722,163,0.25,6.3,0.24
5250000,"RETAINED_CATCH","CURRENT.CWB","EM_HAL",722,163,-0.26,-3.6,0.08
5250000,"SPECIES","CURRENT.CWB","EM_HAL",722,163,-0.16,-5.2,0.18
5250000,"DURATION","CURRENT.CWB","EM_POT",353,87,-0.01,-0.3,0.05
5250000,"RETAINED_CATCH","CURRENT.CWB","EM_POT",353,87,-3.09,-13.7,0.17
5250000,"SPECIES","CURRENT.CWB","EM_POT",353,87,-0.23,-10,0.31
5250000,"DURATION","CURRENT.CWB","EM_TRW",768,62,-0.12,-7,0.06
5250000,"RETAINED_CATCH","CURRENT.CWB","EM_TRW",768,62,-4.39,-3.9,0.06
5250000,"SPECIES","CURRENT.CWB","EM_TRW",768,62,-0.16,-3.2,0.07
5250000,"DURATION","CURRENT.CWB","OB_HAL",1352,171,0.78,20.7,0.9
5250000,"RETAINED_CATCH","CURRENT.CWB","OB_HAL",1352,171,1.03,15.9,0.45
5250000,"SPECIES","CURRENT.CWB","OB_HAL",1352,171,-0.23,-8.1,0.39
5250000,"DURATION","CURRENT.CWB","OB_POT",1086,109,0.71,16.1,0.43
5250000,"RETAINED_CATCH","CURRENT.CWB","OB_POT",1086,109,4.61,20.3,0.27
5250000,"SPECIES","CURRENT.CWB","OB_POT",1086,109,-0.16,-7.5,0.22
5250000,"DURATION","CURRENT.CWB","OB_TRW",389,59,0.24,12.4,0.23
5250000,"RETAINED_CATCH","CURRENT.CWB","OB_TRW",389,59,0.92,0.9,0.05
5250000,"SPECIES","CURRENT.CWB","OB_TRW",389,59,-0.51,-10.7,0.26
5250000,"DURATION","CURRENT.EQUAL","EM_HAL",722,85,0.25,6.3,0.16
5250000,"RETAINED_CATCH","CURRENT.EQUAL","EM_HAL",722,85,-0.26,-3.6,0.07
5250000,"SPECIES","CURRENT.EQUAL","EM_HAL",722,85,-0.16,-5.2,0.13
5250000,"DURATION","CURRENT.EQUAL","EM_POT",353,41,-0.01,-0.3,0.05
5250000,"RETAINED_CATCH","CURRENT.EQUAL","EM_POT",353,41,-3.09,-13.7,0.12
5250000,"SPECIES","CURRENT.EQUAL","EM_POT",353,41,-0.23,-10,0.19
5250000,"DURATION","CURRENT.EQUAL","EM_TRW",768,90,-0.12,-7,0.07
5250000,"RETAINED_CATCH","CURRENT.EQUAL","EM_TRW",768,90,-4.39,-3.9,0.06
5250000,"SPECIES","CURRENT.EQUAL","EM_TRW",768,90,-0.16,-3.2,0.07
5250000,"DURATION","CURRENT.EQUAL","OB_HAL",1352,159,0.78,20.7,0.88
5250000,"RETAINED_CATCH","CURRENT.EQUAL","OB_HAL",1352,159,1.03,15.9,0.43
5250000,"SPECIES","CURRENT.EQUAL","OB_HAL",1352,159,-0.23,-8.1,0.37
5250000,"DURATION","CURRENT.EQUAL","OB_POT",1086,128,0.71,16.1,0.48
5250000,"RETAINED_CATCH","CURRENT.EQUAL","OB_POT",1086,128,4.61,20.3,0.3
5250000,"SPECIES","CURRENT.EQUAL","OB_POT",1086,128,-0.16,-7.5,0.24
5250000,"DURATION","CURRENT.EQUAL","OB_TRW",389,46,0.24,12.4,0.2
5250000,"RETAINED_CATCH","CURRENT.EQUAL","OB_TRW",389,46,0.92,0.9,0.05
5250000,"SPECIES","CURRENT.EQUAL","OB_TRW",389,46,-0.51,-10.7,0.21
5250000,"DURATION","CURRENT.PROX","EM_HAL",722,125,0.25,6.3,0.21
5250000,"RETAINED_CATCH","CURRENT.PROX","EM_HAL",722,125,-0.26,-3.6,0.08
5250000,"SPECIES","CURRENT.PROX","EM_HAL",722,125,-0.16,-5.2,0.16
5250000,"DURATION","CURRENT.PROX","EM_POT",353,102,-0.01,-0.3,0.05
5250000,"RETAINED_CATCH","CURRENT.PROX","EM_POT",353,102,-3.09,-13.7,0.19
5250000,"SPECIES","CURRENT.PROX","EM_POT",353,102,-0.23,-10,0.34
5250000,"DURATION","CURRENT.PROX","EM_TRW",768,53,-0.12,-7,0.06
5250000,"RETAINED_CATCH","CURRENT.PROX","EM_TRW",768,53,-4.39,-3.9,0.06
5250000,"SPECIES","CURRENT.PROX","EM_TRW",768,53,-0.16,-3.2,0.06
5250000,"DURATION","CURRENT.PROX","OB_HAL",1352,151,0.78,20.7,0.87
5250000,"RETAINED_CATCH","CURRENT.PROX","OB_HAL",1352,151,1.03,15.9,0.42
5250000,"SPECIES","CURRENT.PROX","OB_HAL",1352,151,-0.23,-8.1,0.35
5250000,"DURATION","CURRENT.PROX","OB_POT",1086,132,0.71,16.1,0.49
5250000,"RETAINED_CATCH","CURRENT.PROX","OB_POT",1086,132,4.61,20.3,0.3
5250000,"SPECIES","CURRENT.PROX","OB_POT",1086,132,-0.16,-7.5,0.25
5250000,"DURATION","CURRENT.PROX","OB_TRW",389,61,0.24,12.4,0.24
5250000,"RETAINED_CATCH","CURRENT.PROX","OB_TRW",389,61,0.92,0.9,0.05
5250000,"SPECIES","CURRENT.PROX","OB_TRW",389,61,-0.51,-10.7,0.26
5250000,"DURATION","CURRENT.STATUS_QUO","EM_HAL",722,217,0.25,6.3,0.28
5250000,"RETAINED_CATCH","CURRENT.STATUS_QUO","EM_HAL",722,217,-0.26,-3.6,0.09
5250000,"SPECIES","CURRENT.STATUS_QUO","EM_HAL",722,217,-0.16,-5.2,0.21
5250000,"DURATION","CURRENT.STATUS_QUO","EM_POT",353,106,-0.01,-0.3,0.05
5250000,"RETAINED_CATCH","CURRENT.STATUS_QUO","EM_POT",353,106,-3.09,-13.7,0.19
5250000,"SPECIES","CURRENT.STATUS_QUO","EM_POT",353,106,-0.23,-10,0.35
5250000,"DURATION","CURRENT.STATUS_QUO","EM_TRW",768,256,-0.12,-7,0.1
5250000,"RETAINED_CATCH","CURRENT.STATUS_QUO","EM_TRW",768,256,-4.39,-3.9,0.09
5250000,"SPECIES","CURRENT.STATUS_QUO","EM_TRW",768,256,-0.16,-3.2,0.11
5250000,"DURATION","CURRENT.STATUS_QUO","OB_HAL",1352,119,0.78,20.7,0.79
5250000,"RETAINED_CATCH","CURRENT.STATUS_QUO","OB_HAL",1352,119,1.03,15.9,0.35
5250000,"SPECIES","CURRENT.STATUS_QUO","OB_HAL",1352,119,-0.23,-8.1,0.3
5250000,"DURATION","CURRENT.STATUS_QUO","OB_POT",1086,95,0.71,16.1,0.39
5250000,"RETAINED_CATCH","CURRENT.STATUS_QUO","OB_POT",1086,95,4.61,20.3,0.25
5250000,"SPECIES","CURRENT.STATUS_QUO","OB_POT",1086,95,-0.16,-7.5,0.2
5250000,"DURATION","CURRENT.STATUS_QUO","OB_TRW",389,34,0.24,12.4,0.17
5250000,"RETAINED_CATCH","CURRENT.STATUS_QUO","OB_TRW",389,34,0.92,0.9,0.05
5250000,"SPECIES","CURRENT.STATUS_QUO","OB_TRW",389,34,-0.51,-10.7,0.17
5250000,"DURATION","FIXED_FMP.CWB","EM_FIXED-BSAI",89,32,1.1,24.8,0.4
5250000,"RETAINED_CATCH","FIXED_FMP.CWB","EM_FIXED-BSAI",89,32,-2.77,-9,0.07
5250000,"SPECIES","FIXED_FMP.CWB","EM_FIXED-BSAI",89,32,0.1,5.5,0.07
5250000,"DURATION","FIXED_FMP.CWB","EM_FIXED-GOA",986,169,0.08,2,0.07
5250000,"RETAINED_CATCH","FIXED_FMP.CWB","EM_FIXED-GOA",986,169,-0.85,-8.8,0.26
5250000,"SPECIES","FIXED_FMP.CWB","EM_FIXED-GOA",986,169,-0.21,-7.1,0.32
5250000,"DURATION","FIXED_FMP.CWB","EM_TRW-GOA",768,86,-0.12,-7,0.07
5250000,"RETAINED_CATCH","FIXED_FMP.CWB","EM_TRW-GOA",768,86,-4.39,-3.9,0.06
5250000,"SPECIES","FIXED_FMP.CWB","EM_TRW-GOA",768,86,-0.16,-3.2,0.07
5250000,"DURATION","FIXED_FMP.CWB","OB_FIXED-BSAI",361,67,2.21,50.3,1
5250000,"RETAINED_CATCH","FIXED_FMP.CWB","OB_FIXED-BSAI",361,67,10.46,28.2,0.3
5250000,"SPECIES","FIXED_FMP.CWB","OB_FIXED-BSAI",361,67,-0.1,-5.3,0.1
5250000,"DURATION","FIXED_FMP.CWB","OB_FIXED-GOA",2077,193,0.43,10.9,0.45
5250000,"RETAINED_CATCH","FIXED_FMP.CWB","OB_FIXED-GOA",2077,193,0.14,1.7,0.06
5250000,"SPECIES","FIXED_FMP.CWB","OB_FIXED-GOA",2077,193,-0.17,-6.3,0.27
5250000,"DURATION","FIXED_FMP.CWB","OB_TRW-BSAI",21,5,0.12,4.3,0.05
5250000,"RETAINED_CATCH","FIXED_FMP.CWB","OB_TRW-BSAI",21,5,-26.83,-39.7,0.11
5250000,"SPECIES","FIXED_FMP.CWB","OB_TRW-BSAI",21,5,-0.38,-11.7,0.07
5250000,"DURATION","FIXED_FMP.CWB","OB_TRW-GOA",368,62,0.23,12.3,0.23
5250000,"RETAINED_CATCH","FIXED_FMP.CWB","OB_TRW-GOA",368,62,3.38,3.4,0.06
5250000,"SPECIES","FIXED_FMP.CWB","OB_TRW-GOA",368,62,-0.49,-10.1,0.24
5250000,"DURATION","FIXED_FMP.EQUAL","EM_FIXED-BSAI",89,10,1.1,24.8,0.25
5250000,"RETAINED_CATCH","FIXED_FMP.EQUAL","EM_FIXED-BSAI",89,10,-2.77,-9,0.06
5250000,"SPECIES","FIXED_FMP.EQUAL","EM_FIXED-BSAI",89,10,0.1,5.5,0.06
5250000,"DURATION","FIXED_FMP.EQUAL","EM_FIXED-GOA",986,116,0.08,2,0.06
5250000,"RETAINED_CATCH","FIXED_FMP.EQUAL","EM_FIXED-GOA",986,116,-0.85,-8.8,0.2
5250000,"SPECIES","FIXED_FMP.EQUAL","EM_FIXED-GOA",986,116,-0.21,-7.1,0.25
5250000,"DURATION","FIXED_FMP.EQUAL","EM_TRW-GOA",768,90,-0.12,-7,0.07
5250000,"RETAINED_CATCH","FIXED_FMP.EQUAL","EM_TRW-GOA",768,90,-4.39,-3.9,0.06
5250000,"SPECIES","FIXED_FMP.EQUAL","EM_TRW-GOA",768,90,-0.16,-3.2,0.07
5250000,"DURATION","FIXED_FMP.EQUAL","OB_FIXED-BSAI",361,42,2.21,50.3,0.99
5250000,"RETAINED_CATCH","FIXED_FMP.EQUAL","OB_FIXED-BSAI",361,42,10.46,28.2,0.26
5250000,"SPECIES","FIXED_FMP.EQUAL","OB_FIXED-BSAI",361,42,-0.1,-5.3,0.09
5250000,"DURATION","FIXED_FMP.EQUAL","OB_FIXED-GOA",2077,244,0.43,10.9,0.53
5250000,"RETAINED_CATCH","FIXED_FMP.EQUAL","OB_FIXED-GOA",2077,244,0.14,1.7,0.06
5250000,"SPECIES","FIXED_FMP.EQUAL","OB_FIXED-GOA",2077,244,-0.17,-6.3,0.32
5250000,"DURATION","FIXED_FMP.EQUAL","OB_TRW-BSAI",21,2,0.12,4.3,0.05
5250000,"RETAINED_CATCH","FIXED_FMP.EQUAL","OB_TRW-BSAI",21,2,-26.83,-39.7,0.08
5250000,"SPECIES","FIXED_FMP.EQUAL","OB_TRW-BSAI",21,2,-0.38,-11.7,0.06
5250000,"DURATION","FIXED_FMP.EQUAL","OB_TRW-GOA",368,43,0.23,12.3,0.19
5250000,"RETAINED_CATCH","FIXED_FMP.EQUAL","OB_TRW-GOA",368,43,3.38,3.4,0.06
5250000,"SPECIES","FIXED_FMP.EQUAL","OB_TRW-GOA",368,43,-0.49,-10.1,0.19
5250000,"DURATION","FIXED_FMP.PROX","EM_FIXED-BSAI",89,49,1.1,24.8,0.37
5250000,"RETAINED_CATCH","FIXED_FMP.PROX","EM_FIXED-BSAI",89,49,-2.77,-9,0.07
5250000,"SPECIES","FIXED_FMP.PROX","EM_FIXED-BSAI",89,49,0.1,5.5,0.07
5250000,"DURATION","FIXED_FMP.PROX","EM_FIXED-GOA",986,140,0.08,2,0.06
5250000,"RETAINED_CATCH","FIXED_FMP.PROX","EM_FIXED-GOA",986,140,-0.85,-8.8,0.23
5250000,"SPECIES","FIXED_FMP.PROX","EM_FIXED-GOA",986,140,-0.21,-7.1,0.28
5250000,"DURATION","FIXED_FMP.PROX","EM_TRW-GOA",768,68,-0.12,-7,0.06
5250000,"RETAINED_CATCH","FIXED_FMP.PROX","EM_TRW-GOA",768,68,-4.39,-3.9,0.06
5250000,"SPECIES","FIXED_FMP.PROX","EM_TRW-GOA",768,68,-0.16,-3.2,0.07
5250000,"DURATION","FIXED_FMP.PROX","OB_FIXED-BSAI",361,96,2.21,50.3,1
5250000,"RETAINED_CATCH","FIXED_FMP.PROX","OB_FIXED-BSAI",361,96,10.46,28.2,0.32
5250000,"SPECIES","FIXED_FMP.PROX","OB_FIXED-BSAI",361,96,-0.1,-5.3,0.12
5250000,"DURATION","FIXED_FMP.PROX","OB_FIXED-GOA",2077,154,0.43,10.9,0.38
5250000,"RETAINED_CATCH","FIXED_FMP.PROX","OB_FIXED-GOA",2077,154,0.14,1.7,0.05
5250000,"SPECIES","FIXED_FMP.PROX","OB_FIXED-GOA",2077,154,-0.17,-6.3,0.23
5250000,"DURATION","FIXED_FMP.PROX","OB_TRW-BSAI",21,15,0.12,4.3,0.05
5250000,"RETAINED_CATCH","FIXED_FMP.PROX","OB_TRW-BSAI",21,15,-26.83,-39.7,0.17
5250000,"SPECIES","FIXED_FMP.PROX","OB_TRW-BSAI",21,15,-0.38,-11.7,0.07
5250000,"DURATION","FIXED_FMP.PROX","OB_TRW-GOA",368,67,0.23,12.3,0.24
5250000,"RETAINED_CATCH","FIXED_FMP.PROX","OB_TRW-GOA",368,67,3.38,3.4,0.06
5250000,"SPECIES","FIXED_FMP.PROX","OB_TRW-GOA",368,67,-0.49,-10.1,0.26
5250000,"DURATION","FIXED_FMP.STATUS_QUO","EM_FIXED-BSAI",89,27,1.1,24.8,0.39
5250000,"RETAINED_CATCH","FIXED_FMP.STATUS_QUO","EM_FIXED-BSAI",89,27,-2.77,-9,0.07
5250000,"SPECIES","FIXED_FMP.STATUS_QUO","EM_FIXED-BSAI",89,27,0.1,5.5,0.07
5250000,"DURATION","FIXED_FMP.STATUS_QUO","EM_FIXED-GOA",986,296,0.08,2,0.08
5250000,"RETAINED_CATCH","FIXED_FMP.STATUS_QUO","EM_FIXED-GOA",986,296,-0.85,-8.8,0.37
5250000,"SPECIES","FIXED_FMP.STATUS_QUO","EM_FIXED-GOA",986,296,-0.21,-7.1,0.45
5250000,"DURATION","FIXED_FMP.STATUS_QUO","EM_TRW-GOA",768,256,-0.12,-7,0.1
5250000,"RETAINED_CATCH","FIXED_FMP.STATUS_QUO","EM_TRW-GOA",768,256,-4.39,-3.9,0.09
5250000,"SPECIES","FIXED_FMP.STATUS_QUO","EM_TRW-GOA",768,256,-0.16,-3.2,0.11
5250000,"DURATION","FIXED_FMP.STATUS_QUO","OB_FIXED-BSAI",361,32,2.21,50.3,0.98
5250000,"RETAINED_CATCH","FIXED_FMP.STATUS_QUO","OB_FIXED-BSAI",361,32,10.46,28.2,0.23
5250000,"SPECIES","FIXED_FMP.STATUS_QUO","OB_FIXED-BSAI",361,32,-0.1,-5.3,0.08
5250000,"DURATION","FIXED_FMP.STATUS_QUO","OB_FIXED-GOA",2077,182,0.43,10.9,0.43
5250000,"RETAINED_CATCH","FIXED_FMP.STATUS_QUO","OB_FIXED-GOA",2077,182,0.14,1.7,0.05
5250000,"SPECIES","FIXED_FMP.STATUS_QUO","OB_FIXED-GOA",2077,182,-0.17,-6.3,0.26
5250000,"DURATION","FIXED_FMP.STATUS_QUO","OB_TRW-BSAI",21,2,0.12,4.3,0.05
5250000,"RETAINED_CATCH","FIXED_FMP.STATUS_QUO","OB_TRW-BSAI",21,2,-26.83,-39.7,0.08
5250000,"SPECIES","FIXED_FMP.STATUS_QUO","OB_TRW-BSAI",21,2,-0.38,-11.7,0.06
5250000,"DURATION","FIXED_FMP.STATUS_QUO","OB_TRW-GOA",368,32,0.23,12.3,0.16
5250000,"RETAINED_CATCH","FIXED_FMP.STATUS_QUO","OB_TRW-GOA",368,32,3.38,3.4,0.06
5250000,"SPECIES","FIXED_FMP.STATUS_QUO","OB_TRW-GOA",368,32,-0.49,-10.1,0.16
5250000,"DURATION","FMP.CWB","EM_HAL-BSAI",32,10,2.24,35.8,0.28
5250000,"RETAINED_CATCH","FMP.CWB","EM_HAL-BSAI",32,10,0.95,11.9,0.07
5250000,"SPECIES","FMP.CWB","EM_HAL-BSAI",32,10,-0.14,-6.1,0.06
5250000,"DURATION","FMP.CWB","EM_HAL-GOA",690,133,0.18,4.6,0.15
5250000,"RETAINED_CATCH","FMP.CWB","EM_HAL-GOA",690,133,-0.32,-4.3,0.09
5250000,"SPECIES","FMP.CWB","EM_HAL-GOA",690,133,-0.17,-5.5,0.18
5250000,"DURATION","FMP.CWB","EM_POT-BSAI",57,19,0.11,3.2,0.05
5250000,"RETAINED_CATCH","FMP.CWB","EM_POT-BSAI",57,19,-2.58,-5.9,0.06
5250000,"SPECIES","FMP.CWB","EM_POT-BSAI",57,19,0.22,13.3,0.11
5250000,"DURATION","FMP.CWB","EM_POT-GOA",296,76,-0.12,-2.5,0.05
5250000,"RETAINED_CATCH","FMP.CWB","EM_POT-GOA",296,76,-1.61,-10.1,0.12
5250000,"SPECIES","FMP.CWB","EM_POT-GOA",296,76,-0.4,-15.4,0.64
5250000,"DURATION","FMP.CWB","EM_TRW-GOA",768,67,-0.12,-7,0.06
5250000,"RETAINED_CATCH","FMP.CWB","EM_TRW-GOA",768,67,-4.39,-3.9,0.06
5250000,"SPECIES","FMP.CWB","EM_TRW-GOA",768,67,-0.16,-3.2,0.07
5250000,"DURATION","FMP.CWB","OB_HAL-BSAI",106,18,1.7,22.2,0.29
5250000,"RETAINED_CATCH","FMP.CWB","OB_HAL-BSAI",106,18,0.82,5.9,0.06
5250000,"SPECIES","FMP.CWB","OB_HAL-BSAI",106,18,-0.46,-18.6,0.28
5250000,"DURATION","FMP.CWB","OB_HAL-GOA",1246,130,0.69,19.9,0.84
5250000,"RETAINED_CATCH","FMP.CWB","OB_HAL-GOA",1246,130,1.02,17.3,0.51
5250000,"SPECIES","FMP.CWB","OB_HAL-GOA",1246,130,-0.21,-7.3,0.26
5250000,"DURATION","FMP.CWB","OB_POT-BSAI",255,29,1.79,51.2,0.87
5250000,"RETAINED_CATCH","FMP.CWB","OB_POT-BSAI",255,29,19.68,45.3,0.5
5250000,"SPECIES","FMP.CWB","OB_POT-BSAI",255,29,-0.05,-3.1,0.06
5250000,"DURATION","FMP.CWB","OB_POT-GOA",831,95,0.22,4.6,0.08
5250000,"RETAINED_CATCH","FMP.CWB","OB_POT-GOA",831,95,0.03,0.2,0.05
5250000,"SPECIES","FMP.CWB","OB_POT-GOA",831,95,-0.23,-9.9,0.32
5250000,"DURATION","FMP.CWB","OB_TRW-BSAI",21,5,0.12,4.3,0.05
5250000,"RETAINED_CATCH","FMP.CWB","OB_TRW-BSAI",21,5,-26.83,-39.7,0.11
5250000,"SPECIES","FMP.CWB","OB_TRW-BSAI",21,5,-0.38,-11.7,0.07
5250000,"DURATION","FMP.CWB","OB_TRW-GOA",368,54,0.23,12.3,0.21
5250000,"RETAINED_CATCH","FMP.CWB","OB_TRW-GOA",368,54,3.38,3.4,0.06
5250000,"SPECIES","FMP.CWB","OB_TRW-GOA",368,54,-0.49,-10.1,0.22
5250000,"DURATION","FMP.EQUAL","EM_HAL-BSAI",32,4,2.24,35.8,0.18
5250000,"RETAINED_CATCH","FMP.EQUAL","EM_HAL-BSAI",32,4,0.95,11.9,0.06
5250000,"SPECIES","FMP.EQUAL","EM_HAL-BSAI",32,4,-0.14,-6.1,0.05
5250000,"DURATION","FMP.EQUAL","EM_HAL-GOA",690,81,0.18,4.6,0.12
5250000,"RETAINED_CATCH","FMP.EQUAL","EM_HAL-GOA",690,81,-0.32,-4.3,0.08
5250000,"SPECIES","FMP.EQUAL","EM_HAL-GOA",690,81,-0.17,-5.5,0.13
5250000,"DURATION","FMP.EQUAL","EM_POT-BSAI",57,7,0.11,3.2,0.05
5250000,"RETAINED_CATCH","FMP.EQUAL","EM_POT-BSAI",57,7,-2.58,-5.9,0.05
5250000,"SPECIES","FMP.EQUAL","EM_POT-BSAI",57,7,0.22,13.3,0.08
5250000,"DURATION","FMP.EQUAL","EM_POT-GOA",296,35,-0.12,-2.5,0.05
5250000,"RETAINED_CATCH","FMP.EQUAL","EM_POT-GOA",296,35,-1.61,-10.1,0.08
5250000,"SPECIES","FMP.EQUAL","EM_POT-GOA",296,35,-0.4,-15.4,0.41
5250000,"DURATION","FMP.EQUAL","EM_TRW-GOA",768,90,-0.12,-7,0.07
5250000,"RETAINED_CATCH","FMP.EQUAL","EM_TRW-GOA",768,90,-4.39,-3.9,0.06
5250000,"SPECIES","FMP.EQUAL","EM_TRW-GOA",768,90,-0.16,-3.2,0.07
5250000,"DURATION","FMP.EQUAL","OB_HAL-BSAI",106,12,1.7,22.2,0.22
5250000,"RETAINED_CATCH","FMP.EQUAL","OB_HAL-BSAI",106,12,0.82,5.9,0.05
5250000,"SPECIES","FMP.EQUAL","OB_HAL-BSAI",106,12,-0.46,-18.6,0.21
5250000,"DURATION","FMP.EQUAL","OB_HAL-GOA",1246,146,0.69,19.9,0.88
5250000,"RETAINED_CATCH","FMP.EQUAL","OB_HAL-GOA",1246,146,1.02,17.3,0.55
5250000,"SPECIES","FMP.EQUAL","OB_HAL-GOA",1246,146,-0.21,-7.3,0.29
5250000,"DURATION","FMP.EQUAL","OB_POT-BSAI",255,30,1.79,51.2,0.88
5250000,"RETAINED_CATCH","FMP.EQUAL","OB_POT-BSAI",255,30,19.68,45.3,0.5
5250000,"SPECIES","FMP.EQUAL","OB_POT-BSAI",255,30,-0.05,-3.1,0.06
5250000,"DURATION","FMP.EQUAL","OB_POT-GOA",831,98,0.22,4.6,0.08
5250000,"RETAINED_CATCH","FMP.EQUAL","OB_POT-GOA",831,98,0.03,0.2,0.05
5250000,"SPECIES","FMP.EQUAL","OB_POT-GOA",831,98,-0.23,-9.9,0.32
5250000,"DURATION","FMP.EQUAL","OB_TRW-BSAI",21,2,0.12,4.3,0.05
5250000,"RETAINED_CATCH","FMP.EQUAL","OB_TRW-BSAI",21,2,-26.83,-39.7,0.08
5250000,"SPECIES","FMP.EQUAL","OB_TRW-BSAI",21,2,-0.38,-11.7,0.06
5250000,"DURATION","FMP.EQUAL","OB_TRW-GOA",368,43,0.23,12.3,0.19
5250000,"RETAINED_CATCH","FMP.EQUAL","OB_TRW-GOA",368,43,3.38,3.4,0.06
5250000,"SPECIES","FMP.EQUAL","OB_TRW-GOA",368,43,-0.49,-10.1,0.19
5250000,"DURATION","FMP.PROX","EM_HAL-BSAI",32,21,2.24,35.8,0.25
5250000,"RETAINED_CATCH","FMP.PROX","EM_HAL-BSAI",32,21,0.95,11.9,0.07
5250000,"SPECIES","FMP.PROX","EM_HAL-BSAI",32,21,-0.14,-6.1,0.06
5250000,"DURATION","FMP.PROX","EM_HAL-GOA",690,90,0.18,4.6,0.12
5250000,"RETAINED_CATCH","FMP.PROX","EM_HAL-GOA",690,90,-0.32,-4.3,0.08
5250000,"SPECIES","FMP.PROX","EM_HAL-GOA",690,90,-0.17,-5.5,0.14
5250000,"DURATION","FMP.PROX","EM_POT-BSAI",57,24,0.11,3.2,0.05
5250000,"RETAINED_CATCH","FMP.PROX","EM_POT-BSAI",57,24,-2.58,-5.9,0.06
5250000,"SPECIES","FMP.PROX","EM_POT-BSAI",57,24,0.22,13.3,0.12
5250000,"DURATION","FMP.PROX","EM_POT-GOA",296,74,-0.12,-2.5,0.05
5250000,"RETAINED_CATCH","FMP.PROX","EM_POT-GOA",296,74,-1.61,-10.1,0.11
5250000,"SPECIES","FMP.PROX","EM_POT-GOA",296,74,-0.4,-15.4,0.64
5250000,"DURATION","FMP.PROX","EM_TRW-GOA",768,36,-0.12,-7,0.06
5250000,"RETAINED_CATCH","FMP.PROX","EM_TRW-GOA",768,36,-4.39,-3.9,0.06
5250000,"SPECIES","FMP.PROX","EM_TRW-GOA",768,36,-0.16,-3.2,0.06
5250000,"DURATION","FMP.PROX","OB_HAL-BSAI",106,46,1.7,22.2,0.5
5250000,"RETAINED_CATCH","FMP.PROX","OB_HAL-BSAI",106,46,0.82,5.9,0.06
5250000,"SPECIES","FMP.PROX","OB_HAL-BSAI",106,46,-0.46,-18.6,0.5
5250000,"DURATION","FMP.PROX","OB_HAL-GOA",1246,97,0.69,19.9,0.74
5250000,"RETAINED_CATCH","FMP.PROX","OB_HAL-GOA",1246,97,1.02,17.3,0.41
5250000,"SPECIES","FMP.PROX","OB_HAL-GOA",1246,97,-0.21,-7.3,0.21
5250000,"DURATION","FMP.PROX","OB_POT-BSAI",255,39,1.79,51.2,0.91
5250000,"RETAINED_CATCH","FMP.PROX","OB_POT-BSAI",255,39,19.68,45.3,0.54
5250000,"SPECIES","FMP.PROX","OB_POT-BSAI",255,39,-0.05,-3.1,0.06
5250000,"DURATION","FMP.PROX","OB_POT-GOA",831,91,0.22,4.6,0.07
5250000,"RETAINED_CATCH","FMP.PROX","OB_POT-GOA",831,91,0.03,0.2,0.05
5250000,"SPECIES","FMP.PROX","OB_POT-GOA",831,91,-0.23,-9.9,0.31
5250000,"DURATION","FMP.PROX","OB_TRW-BSAI",21,11,0.12,4.3,0.05
5250000,"RETAINED_CATCH","FMP.PROX","OB_TRW-BSAI",21,11,-26.83,-39.7,0.16
5250000,"SPECIES","FMP.PROX","OB_TRW-BSAI",21,11,-0.38,-11.7,0.08
5250000,"DURATION","FMP.PROX","OB_TRW-GOA",368,39,0.23,12.3,0.18
5250000,"RETAINED_CATCH","FMP.PROX","OB_TRW-GOA",368,39,3.38,3.4,0.06
5250000,"SPECIES","FMP.PROX","OB_TRW-GOA",368,39,-0.49,-10.1,0.18
5250000,"DURATION","FMP.STATUS_QUO","EM_HAL-BSAI",32,10,2.24,35.8,0.28
5250000,"RETAINED_CATCH","FMP.STATUS_QUO","EM_HAL-BSAI",32,10,0.95,11.9,0.07
5250000,"SPECIES","FMP.STATUS_QUO","EM_HAL-BSAI",32,10,-0.14,-6.1,0.06
5250000,"DURATION","FMP.STATUS_QUO","EM_HAL-GOA",690,207,0.18,4.6,0.19
5250000,"RETAINED_CATCH","FMP.STATUS_QUO","EM_HAL-GOA",690,207,-0.32,-4.3,0.11
5250000,"SPECIES","FMP.STATUS_QUO","EM_HAL-GOA",690,207,-0.17,-5.5,0.23
5250000,"DURATION","FMP.STATUS_QUO","EM_POT-BSAI",57,17,0.11,3.2,0.05
5250000,"RETAINED_CATCH","FMP.STATUS_QUO","EM_POT-BSAI",57,17,-2.58,-5.9,0.06
5250000,"SPECIES","FMP.STATUS_QUO","EM_POT-BSAI",57,17,0.22,13.3,0.11
5250000,"DURATION","FMP.STATUS_QUO","EM_POT-GOA",296,89,-0.12,-2.5,0.05
5250000,"RETAINED_CATCH","FMP.STATUS_QUO","EM_POT-GOA",296,89,-1.61,-10.1,0.12
5250000,"SPECIES","FMP.STATUS_QUO","EM_POT-GOA",296,89,-0.4,-15.4,0.69
5250000,"DURATION","FMP.STATUS_QUO","EM_TRW-GOA",768,256,-0.12,-7,0.1
5250000,"RETAINED_CATCH","FMP.STATUS_QUO","EM_TRW-GOA",768,256,-4.39,-3.9,0.09
5250000,"SPECIES","FMP.STATUS_QUO","EM_TRW-GOA",768,256,-0.16,-3.2,0.11
5250000,"DURATION","FMP.STATUS_QUO","OB_HAL-BSAI",106,9,1.7,22.2,0.18
5250000,"RETAINED_CATCH","FMP.STATUS_QUO","OB_HAL-BSAI",106,9,0.82,5.9,0.05
5250000,"SPECIES","FMP.STATUS_QUO","OB_HAL-BSAI",106,9,-0.46,-18.6,0.17
5250000,"DURATION","FMP.STATUS_QUO","OB_HAL-GOA",1246,109,0.69,19.9,0.78
5250000,"RETAINED_CATCH","FMP.STATUS_QUO","OB_HAL-GOA",1246,109,1.02,17.3,0.45
5250000,"SPECIES","FMP.STATUS_QUO","OB_HAL-GOA",1246,109,-0.21,-7.3,0.23
5250000,"DURATION","FMP.STATUS_QUO","OB_POT-BSAI",255,22,1.79,51.2,0.82
5250000,"RETAINED_CATCH","FMP.STATUS_QUO","OB_POT-BSAI",255,22,19.68,45.3,0.44
5250000,"SPECIES","FMP.STATUS_QUO","OB_POT-BSAI",255,22,-0.05,-3.1,0.06
5250000,"DURATION","FMP.STATUS_QUO","OB_POT-GOA",831,73,0.22,4.6,0.07
5250000,"RETAINED_CATCH","FMP.STATUS_QUO","OB_POT-GOA",831,73,0.03,0.2,0.05
5250000,"SPECIES","FMP.STATUS_QUO","OB_POT-GOA",831,73,-0.23,-9.9,0.26
5250000,"DURATION","FMP.STATUS_QUO","OB_TRW-BSAI",21,2,0.12,4.3,0.05
5250000,"RETAINED_CATCH","FMP.STATUS_QUO","OB_TRW-BSAI",21,2,-26.83,-39.7,0.08
5250000,"SPECIES","FMP.STATUS_QUO","OB_TRW-BSAI",21,2,-0.38,-11.7,0.06
5250000,"DURATION","FMP.STATUS_QUO","OB_TRW-GOA",368,32,0.23,12.3,0.16
5250000,"RETAINED_CATCH","FMP.STATUS_QUO","OB_TRW-GOA",368,32,3.38,3.4,0.06
5250000,"SPECIES","FMP.STATUS_QUO","OB_TRW-GOA",368,32,-0.49,-10.1,0.16
